// Code generated by /root/javaproto/tools/fxgen (FxDump.java + fxgen.py) from the Mojang 26.3 server jar (SoundType of every block state,
// door/trapdoor/fence gate open and close sounds, block of every state). DO NOT EDIT.

package javasession

// blockSoundGroupDefs are vanilla's SoundType values: volume, pitch, then the break, step, place,
// hit and fall sound event names.
var blockSoundGroupDefs = [...]blockSoundGroupDef{
	{1, 1, [5]string{"block.stone.break", "block.stone.step", "block.stone.place", "block.stone.hit", "block.stone.fall"}},
	{1, 1, [5]string{"block.grass.break", "block.grass.step", "block.grass.place", "block.grass.hit", "block.grass.fall"}},
	{1, 1, [5]string{"block.gravel.break", "block.gravel.step", "block.gravel.place", "block.gravel.hit", "block.gravel.fall"}},
	{1, 1, [5]string{"block.wood.break", "block.wood.step", "block.wood.place", "block.wood.hit", "block.wood.fall"}},
	{1, 1, [5]string{"block.cherry_wood.break", "block.cherry_wood.step", "block.cherry_wood.place", "block.cherry_wood.hit", "block.cherry_wood.fall"}},
	{1, 1, [5]string{"block.bamboo_wood.break", "block.bamboo_wood.step", "block.bamboo_wood.place", "block.bamboo_wood.hit", "block.bamboo_wood.fall"}},
	{1, 1, [5]string{"block.cherry_sapling.break", "block.cherry_sapling.step", "block.cherry_sapling.place", "block.cherry_sapling.hit", "block.cherry_sapling.fall"}},
	{1, 1, [5]string{"intentionally_empty", "intentionally_empty", "intentionally_empty", "intentionally_empty", "intentionally_empty"}},
	{1, 1, [5]string{"block.sand.break", "block.sand.step", "block.sand.place", "block.sand.hit", "block.sand.fall"}},
	{1, 1, [5]string{"block.suspicious_sand.break", "block.suspicious_sand.step", "block.suspicious_sand.place", "block.suspicious_sand.hit", "block.suspicious_sand.fall"}},
	{1, 1, [5]string{"block.suspicious_gravel.break", "block.suspicious_gravel.step", "block.suspicious_gravel.place", "block.suspicious_gravel.hit", "block.suspicious_gravel.fall"}},
	{1, 1, [5]string{"block.deepslate.break", "block.deepslate.step", "block.deepslate.place", "block.deepslate.hit", "block.deepslate.fall"}},
	{1, 1, [5]string{"block.nether_gold_ore.break", "block.nether_gold_ore.step", "block.nether_gold_ore.place", "block.nether_gold_ore.hit", "block.nether_gold_ore.fall"}},
	{1, 1, [5]string{"block.mangrove_roots.break", "block.mangrove_roots.step", "block.mangrove_roots.place", "block.mangrove_roots.hit", "block.mangrove_roots.fall"}},
	{1, 1, [5]string{"block.muddy_mangrove_roots.break", "block.muddy_mangrove_roots.step", "block.muddy_mangrove_roots.place", "block.muddy_mangrove_roots.hit", "block.muddy_mangrove_roots.fall"}},
	{1, 1, [5]string{"block.cherry_leaves.break", "block.cherry_leaves.step", "block.cherry_leaves.place", "block.cherry_leaves.hit", "block.cherry_leaves.fall"}},
	{1, 1, [5]string{"block.poplar_leaves.break", "block.poplar_leaves.step", "block.poplar_leaves.place", "block.poplar_leaves.hit", "block.poplar_leaves.fall"}},
	{1, 1, [5]string{"block.azalea_leaves.break", "block.azalea_leaves.step", "block.azalea_leaves.place", "block.azalea_leaves.hit", "block.azalea_leaves.fall"}},
	{1, 1, [5]string{"block.sponge.break", "block.sponge.step", "block.sponge.place", "block.sponge.hit", "block.sponge.fall"}},
	{1, 1, [5]string{"block.wet_sponge.break", "block.wet_sponge.step", "block.wet_sponge.place", "block.wet_sponge.hit", "block.wet_sponge.fall"}},
	{1, 1, [5]string{"block.glass.break", "block.glass.step", "block.glass.place", "block.glass.hit", "block.glass.fall"}},
	{1, 1, [5]string{"block.straw_bed.break", "block.straw_bed.step", "block.straw_bed.place", "block.straw_bed.hit", "block.straw_bed.fall"}},
	{1, 1.5, [5]string{"block.metal.break", "block.metal.step", "block.metal.place", "block.metal.hit", "block.metal.fall"}},
	{1, 1, [5]string{"block.cobweb.break", "block.cobweb.step", "block.cobweb.place", "block.cobweb.hit", "block.cobweb.fall"}},
	{1, 1, [5]string{"block.red_shrub.break", "intentionally_empty", "block.red_shrub.place", "intentionally_empty", "intentionally_empty"}},
	{1, 1, [5]string{"block.wet_grass.break", "block.wet_grass.step", "block.wet_grass.place", "block.wet_grass.hit", "block.wet_grass.fall"}},
	{1, 1, [5]string{"block.wool.break", "block.wool.step", "block.wool.place", "block.wool.hit", "block.wool.fall"}},
	{1, 1, [5]string{"block.iron.break", "block.iron.step", "block.iron.place", "block.iron.hit", "block.iron.fall"}},
	{1, 1, [5]string{"block.chiseled_bookshelf.break", "block.chiseled_bookshelf.step", "block.chiseled_bookshelf.place", "block.chiseled_bookshelf.hit", "block.chiseled_bookshelf.fall"}},
	{1, 1, [5]string{"block.shelf.break", "block.shelf.step", "block.shelf.place", "block.shelf.hit", "block.shelf.fall"}},
	{1, 1, [5]string{"block.spawner.break", "block.spawner.step", "block.spawner.place", "block.spawner.hit", "block.spawner.fall"}},
	{1, 1, [5]string{"block.creaking_heart.break", "block.creaking_heart.step", "block.creaking_heart.place", "block.creaking_heart.hit", "block.creaking_heart.fall"}},
	{1, 1, [5]string{"block.crop.break", "block.grass.step", "item.crop.plant", "block.grass.hit", "block.grass.fall"}},
	{1, 1, [5]string{"block.ladder.break", "block.ladder.step", "block.ladder.place", "block.ladder.hit", "block.ladder.fall"}},
	{1, 1, [5]string{"block.hanging_sign.break", "block.hanging_sign.step", "block.hanging_sign.place", "block.hanging_sign.hit", "block.hanging_sign.fall"}},
	{1, 1, [5]string{"block.cherry_wood_hanging_sign.break", "block.cherry_wood_hanging_sign.step", "block.cherry_wood_hanging_sign.place", "block.cherry_wood_hanging_sign.hit", "block.cherry_wood_hanging_sign.fall"}},
	{1, 1, [5]string{"block.nether_wood_hanging_sign.break", "block.nether_wood_hanging_sign.step", "block.nether_wood_hanging_sign.place", "block.nether_wood_hanging_sign.hit", "block.nether_wood_hanging_sign.fall"}},
	{1, 1, [5]string{"block.bamboo_wood_hanging_sign.break", "block.bamboo_wood_hanging_sign.step", "block.bamboo_wood_hanging_sign.place", "block.bamboo_wood_hanging_sign.hit", "block.bamboo_wood_hanging_sign.fall"}},
	{1, 1, [5]string{"block.snow.break", "block.snow.step", "block.snow.place", "block.snow.hit", "block.snow.fall"}},
	{1, 1, [5]string{"block.cactus_flower.break", "intentionally_empty", "block.cactus_flower.place", "intentionally_empty", "intentionally_empty"}},
	{1, 1, [5]string{"block.netherrack.break", "block.netherrack.step", "block.netherrack.place", "block.netherrack.hit", "block.netherrack.fall"}},
	{1, 1, [5]string{"block.soul_sand.break", "block.soul_sand.step", "block.soul_sand.place", "block.soul_sand.hit", "block.soul_sand.fall"}},
	{1, 1, [5]string{"block.soul_soil.break", "block.soul_soil.step", "block.soul_soil.place", "block.soul_soil.hit", "block.soul_soil.fall"}},
	{1, 1, [5]string{"block.basalt.break", "block.basalt.step", "block.basalt.place", "block.basalt.hit", "block.basalt.fall"}},
	{1, 1, [5]string{"block.packed_mud.break", "block.packed_mud.step", "block.packed_mud.place", "block.packed_mud.hit", "block.packed_mud.fall"}},
	{1, 1, [5]string{"block.mud_bricks.break", "block.mud_bricks.step", "block.mud_bricks.place", "block.mud_bricks.hit", "block.mud_bricks.fall"}},
	{1, 1, [5]string{"block.copper.break", "block.copper.step", "block.copper.place", "block.copper.hit", "block.copper.fall"}},
	{1, 1, [5]string{"block.chain.break", "block.chain.step", "block.chain.place", "block.chain.hit", "block.chain.fall"}},
	{1, 1, [5]string{"block.wood.break", "block.wood.step", "item.crop.plant", "block.wood.hit", "block.wood.fall"}},
	{1, 1, [5]string{"block.vine.break", "block.vine.step", "block.vine.place", "block.vine.hit", "block.vine.fall"}},
	{1, 1, [5]string{"block.grass.break", "block.vine.step", "block.grass.place", "block.grass.hit", "block.grass.fall"}},
	{1, 1, [5]string{"block.resin.break", "block.resin.step", "block.resin.place", "intentionally_empty", "block.resin.fall"}},
	{1, 1, [5]string{"block.big_dripleaf.break", "block.big_dripleaf.step", "block.lily_pad.place", "block.big_dripleaf.hit", "block.big_dripleaf.fall"}},
	{1, 1, [5]string{"block.resin_bricks.break", "block.resin_bricks.step", "block.resin_bricks.place", "block.resin_bricks.hit", "block.resin_bricks.fall"}},
	{1, 1, [5]string{"block.nether_bricks.break", "block.nether_bricks.step", "block.nether_bricks.place", "block.nether_bricks.hit", "block.nether_bricks.fall"}},
	{1, 1, [5]string{"block.nether_wart.break", "block.stone.step", "item.nether_wart.plant", "block.stone.hit", "block.stone.fall"}},
	{1, 1, [5]string{"block.shelf_mushroom.break", "block.shelf_mushroom.step", "block.shelf_mushroom.place", "intentionally_empty", "block.shelf_mushroom.fall"}},
	{0.3, 1, [5]string{"block.anvil.break", "block.anvil.step", "block.anvil.place", "block.anvil.hit", "block.anvil.fall"}},
	{1, 1, [5]string{"block.nether_ore.break", "block.nether_ore.step", "block.nether_ore.place", "block.nether_ore.hit", "block.nether_ore.fall"}},
	{1, 1, [5]string{"block.slime_block.break", "block.slime_block.step", "block.slime_block.place", "block.slime_block.hit", "block.slime_block.fall"}},
	{1, 1, [5]string{"block.wart_block.break", "block.wart_block.step", "block.wart_block.place", "block.wart_block.hit", "block.wart_block.fall"}},
	{1, 1, [5]string{"block.bone_block.break", "block.bone_block.step", "block.bone_block.place", "block.bone_block.hit", "block.bone_block.fall"}},
	{1, 1, [5]string{"block.dried_ghast.break", "block.dried_ghast.step", "intentionally_empty", "intentionally_empty", "block.dried_ghast.fall"}},
	{1, 1, [5]string{"block.coral_block.break", "block.coral_block.step", "block.coral_block.place", "block.coral_block.hit", "block.coral_block.fall"}},
	{1, 1, [5]string{"block.bamboo_sapling.break", "block.bamboo.step", "block.bamboo_sapling.place", "block.bamboo_sapling.hit", "block.bamboo.fall"}},
	{1, 1, [5]string{"block.bamboo.break", "block.bamboo.step", "block.bamboo.place", "block.bamboo.hit", "block.bamboo.fall"}},
	{1, 1, [5]string{"block.scaffolding.break", "block.scaffolding.step", "block.scaffolding.place", "block.scaffolding.hit", "block.scaffolding.fall"}},
	{1, 1, [5]string{"block.lantern.break", "block.lantern.step", "block.lantern.place", "block.lantern.hit", "block.lantern.fall"}},
	{1, 1, [5]string{"block.sweet_berry_bush.break", "block.grass.step", "block.sweet_berry_bush.place", "block.grass.hit", "block.grass.fall"}},
	{1, 1, [5]string{"block.stem.break", "block.stem.step", "block.stem.place", "block.stem.hit", "block.stem.fall"}},
	{1, 1, [5]string{"block.nylium.break", "block.nylium.step", "block.nylium.place", "block.nylium.hit", "block.nylium.fall"}},
	{1, 1, [5]string{"block.fungus.break", "block.fungus.step", "block.fungus.place", "block.fungus.hit", "block.fungus.fall"}},
	{1, 1, [5]string{"block.roots.break", "block.roots.step", "block.roots.place", "block.roots.hit", "block.roots.fall"}},
	{1, 1, [5]string{"block.nether_sprouts.break", "block.nether_sprouts.step", "block.nether_sprouts.place", "block.nether_sprouts.hit", "block.nether_sprouts.fall"}},
	{1, 1, [5]string{"block.shroomlight.break", "block.shroomlight.step", "block.shroomlight.place", "block.shroomlight.hit", "block.shroomlight.fall"}},
	{1, 1, [5]string{"block.weeping_vines.break", "block.weeping_vines.step", "block.weeping_vines.place", "block.weeping_vines.hit", "block.weeping_vines.fall"}},
	{1, 1, [5]string{"block.nether_wood.break", "block.nether_wood.step", "block.nether_wood.place", "block.nether_wood.hit", "block.nether_wood.fall"}},
	{1, 1, [5]string{"block.honey_block.break", "block.honey_block.step", "block.honey_block.place", "block.honey_block.hit", "block.honey_block.fall"}},
	{1, 1, [5]string{"block.netherite_block.break", "block.netherite_block.step", "block.netherite_block.place", "block.netherite_block.hit", "block.netherite_block.fall"}},
	{1, 1, [5]string{"block.ancient_debris.break", "block.ancient_debris.step", "block.ancient_debris.place", "block.ancient_debris.hit", "block.ancient_debris.fall"}},
	{1, 1, [5]string{"block.lodestone.break", "block.lodestone.step", "block.lodestone.place", "block.lodestone.hit", "block.lodestone.fall"}},
	{1, 1, [5]string{"block.gilded_blackstone.break", "block.gilded_blackstone.step", "block.gilded_blackstone.place", "block.gilded_blackstone.hit", "block.gilded_blackstone.fall"}},
	{1, 1, [5]string{"block.candle.break", "block.candle.step", "block.candle.place", "block.candle.hit", "block.candle.fall"}},
	{1, 1, [5]string{"block.amethyst_block.break", "block.amethyst_block.step", "block.amethyst_block.place", "block.amethyst_block.hit", "block.amethyst_block.fall"}},
	{1, 1, [5]string{"block.amethyst_cluster.break", "block.amethyst_cluster.step", "block.amethyst_cluster.place", "block.amethyst_cluster.hit", "block.amethyst_cluster.fall"}},
	{1, 1, [5]string{"block.medium_amethyst_bud.break", "block.amethyst_cluster.step", "block.medium_amethyst_bud.place", "block.amethyst_cluster.hit", "block.amethyst_cluster.fall"}},
	{1, 1, [5]string{"block.large_amethyst_bud.break", "block.amethyst_cluster.step", "block.large_amethyst_bud.place", "block.amethyst_cluster.hit", "block.amethyst_cluster.fall"}},
	{1, 1, [5]string{"block.small_amethyst_bud.break", "block.amethyst_cluster.step", "block.small_amethyst_bud.place", "block.amethyst_cluster.hit", "block.amethyst_cluster.fall"}},
	{1, 1, [5]string{"block.tuff.break", "block.tuff.step", "block.tuff.place", "block.tuff.hit", "block.tuff.fall"}},
	{1, 1, [5]string{"block.polished_tuff.break", "block.polished_tuff.step", "block.polished_tuff.place", "block.polished_tuff.hit", "block.polished_tuff.fall"}},
	{1, 1, [5]string{"block.tuff_bricks.break", "block.tuff_bricks.step", "block.tuff_bricks.place", "block.tuff_bricks.hit", "block.tuff_bricks.fall"}},
	{1, 1, [5]string{"block.sulfur.break", "block.sulfur.step", "block.sulfur.place", "block.sulfur.hit", "block.sulfur.fall"}},
	{1, 1, [5]string{"block.potent_sulfur.break", "block.potent_sulfur.step", "block.potent_sulfur.place", "block.potent_sulfur.hit", "block.potent_sulfur.fall"}},
	{1, 1, [5]string{"block.cinnabar.break", "block.cinnabar.step", "block.cinnabar.place", "block.cinnabar.hit", "block.cinnabar.fall"}},
	{1, 1, [5]string{"block.calcite.break", "block.calcite.step", "block.calcite.place", "block.calcite.hit", "block.calcite.fall"}},
	{1, 1, [5]string{"block.powder_snow.break", "block.powder_snow.step", "block.powder_snow.place", "block.powder_snow.hit", "block.powder_snow.fall"}},
	{1, 1, [5]string{"block.sculk_sensor.break", "block.sculk_sensor.step", "block.sculk_sensor.place", "block.sculk_sensor.hit", "block.sculk_sensor.fall"}},
	{1, 1, [5]string{"block.sculk.break", "block.sculk.step", "block.sculk.place", "block.sculk.hit", "block.sculk.fall"}},
	{1, 1, [5]string{"block.sculk_vein.break", "block.sculk_vein.step", "block.sculk_vein.place", "block.sculk_vein.hit", "block.sculk_vein.fall"}},
	{1, 1, [5]string{"block.sculk_catalyst.break", "block.sculk_catalyst.step", "block.sculk_catalyst.place", "block.sculk_catalyst.hit", "block.sculk_catalyst.fall"}},
	{1, 1, [5]string{"block.sculk_shrieker.break", "block.sculk_shrieker.step", "block.sculk_shrieker.place", "block.sculk_shrieker.hit", "block.sculk_shrieker.fall"}},
	{1, 1, [5]string{"block.copper_grate.break", "block.copper_grate.step", "block.copper_grate.place", "block.copper_grate.hit", "block.copper_grate.fall"}},
	{1, 1, [5]string{"block.copper_bulb.break", "block.copper_bulb.step", "block.copper_bulb.place", "block.copper_bulb.hit", "block.copper_bulb.fall"}},
	{1, 1, [5]string{"block.copper_golem_statue.break", "block.copper_golem_statue.step", "block.copper_golem_statue.place", "block.copper_golem_statue.hit", "block.copper_golem_statue.fall"}},
	{1, 1, [5]string{"block.dripstone_block.break", "block.dripstone_block.step", "block.dripstone_block.place", "block.dripstone_block.hit", "block.dripstone_block.fall"}},
	{1, 1, [5]string{"block.pointed_dripstone.break", "block.pointed_dripstone.step", "block.pointed_dripstone.place", "block.pointed_dripstone.hit", "block.pointed_dripstone.fall"}},
	{1, 1, [5]string{"block.sulfur_spike.break", "block.sulfur_spike.step", "block.sulfur_spike.place", "block.sulfur_spike.hit", "block.sulfur_spike.fall"}},
	{1, 1, [5]string{"block.cave_vines.break", "block.cave_vines.step", "block.cave_vines.place", "block.cave_vines.hit", "block.cave_vines.fall"}},
	{1, 1, [5]string{"block.spore_blossom.break", "block.spore_blossom.step", "block.spore_blossom.place", "block.spore_blossom.hit", "block.spore_blossom.fall"}},
	{1, 1, [5]string{"block.azalea.break", "block.azalea.step", "block.azalea.place", "block.azalea.hit", "block.azalea.fall"}},
	{1, 1, [5]string{"block.flowering_azalea.break", "block.flowering_azalea.step", "block.flowering_azalea.place", "block.flowering_azalea.hit", "block.flowering_azalea.fall"}},
	{1, 1, [5]string{"block.moss_carpet.break", "block.moss_carpet.step", "block.moss_carpet.place", "block.moss_carpet.hit", "block.moss_carpet.fall"}},
	{1, 1, [5]string{"block.pink_petals.break", "block.pink_petals.step", "block.pink_petals.place", "block.pink_petals.hit", "block.pink_petals.fall"}},
	{1, 1, [5]string{"block.leaf_litter.break", "block.leaf_litter.step", "block.leaf_litter.place", "block.leaf_litter.hit", "block.leaf_litter.fall"}},
	{1, 1, [5]string{"block.moss.break", "block.moss.step", "block.moss.place", "block.moss.hit", "block.moss.fall"}},
	{1, 1, [5]string{"block.big_dripleaf.break", "block.big_dripleaf.step", "block.big_dripleaf.place", "block.big_dripleaf.hit", "block.big_dripleaf.fall"}},
	{1, 1, [5]string{"block.small_dripleaf.break", "block.small_dripleaf.step", "block.small_dripleaf.place", "block.small_dripleaf.hit", "block.small_dripleaf.fall"}},
	{1, 1, [5]string{"block.hanging_roots.break", "block.hanging_roots.step", "block.hanging_roots.place", "block.hanging_roots.hit", "block.hanging_roots.fall"}},
	{1, 1, [5]string{"block.rooted_dirt.break", "block.rooted_dirt.step", "block.rooted_dirt.place", "block.rooted_dirt.hit", "block.rooted_dirt.fall"}},
	{1, 1, [5]string{"block.mud.break", "block.mud.step", "block.mud.place", "block.mud.hit", "block.mud.fall"}},
	{1, 1, [5]string{"block.polished_deepslate.break", "block.polished_deepslate.step", "block.polished_deepslate.place", "block.polished_deepslate.hit", "block.polished_deepslate.fall"}},
	{1, 1, [5]string{"block.deepslate_tiles.break", "block.deepslate_tiles.step", "block.deepslate_tiles.place", "block.deepslate_tiles.hit", "block.deepslate_tiles.fall"}},
	{1, 1, [5]string{"block.deepslate_bricks.break", "block.deepslate_bricks.step", "block.deepslate_bricks.place", "block.deepslate_bricks.hit", "block.deepslate_bricks.fall"}},
	{1, 1, [5]string{"block.froglight.break", "block.froglight.step", "block.froglight.place", "block.froglight.hit", "block.froglight.fall"}},
	{1, 1, [5]string{"block.frogspawn.break", "block.frogspawn.step", "block.frogspawn.place", "block.frogspawn.hit", "block.frogspawn.fall"}},
	{1, 1, [5]string{"block.decorated_pot.shatter", "block.decorated_pot.step", "block.decorated_pot.place", "block.decorated_pot.hit", "block.decorated_pot.fall"}},
	{1, 1, [5]string{"block.decorated_pot.break", "block.decorated_pot.step", "block.decorated_pot.place", "block.decorated_pot.hit", "block.decorated_pot.fall"}},
	{1, 1, [5]string{"block.trial_spawner.break", "block.trial_spawner.step", "block.trial_spawner.place", "block.trial_spawner.hit", "block.trial_spawner.fall"}},
	{1, 1, [5]string{"block.vault.break", "block.vault.step", "block.vault.place", "block.vault.hit", "block.vault.fall"}},
	{1, 1, [5]string{"block.heavy_core.break", "block.heavy_core.step", "block.heavy_core.place", "block.heavy_core.hit", "block.heavy_core.fall"}},
}

// openCloseDefs are the open and close sounds of doors, trapdoors and fence gates (index 0: none).
var openCloseDefs = [...][2]string{
	{"", ""},
	{"block.wooden_door.open", "block.wooden_door.close"},
	{"block.iron_door.open", "block.iron_door.close"},
	{"block.wooden_trapdoor.open", "block.wooden_trapdoor.close"},
	{"block.cherry_wood_trapdoor.open", "block.cherry_wood_trapdoor.close"},
	{"block.bamboo_wood_trapdoor.open", "block.bamboo_wood_trapdoor.close"},
	{"block.fence_gate.open", "block.fence_gate.close"},
	{"block.iron_trapdoor.open", "block.iron_trapdoor.close"},
	{"block.cherry_wood_fence_gate.open", "block.cherry_wood_fence_gate.close"},
	{"block.bamboo_wood_fence_gate.open", "block.bamboo_wood_fence_gate.close"},
	{"block.cherry_wood_door.open", "block.cherry_wood_door.close"},
	{"block.bamboo_wood_door.open", "block.bamboo_wood_door.close"},
	{"block.nether_wood_trapdoor.open", "block.nether_wood_trapdoor.close"},
	{"block.nether_wood_fence_gate.open", "block.nether_wood_fence_gate.close"},
	{"block.nether_wood_door.open", "block.nether_wood_door.close"},
	{"block.copper_door.open", "block.copper_door.close"},
	{"block.copper_trapdoor.open", "block.copper_trapdoor.close"},
}

// stateSoundGroup[java state id] is the index in blockSoundGroupDefs.
const stateSoundGroup = "\x00\x00\x00\x00\x00\x00\x00\x00\x01\x01\x02\x02\x02\x02\x00\x03\x03\x03\x03\x03\x04\x03\x03\x03\x03\x03\x03\x03\x05\x05\x01\x01" +
	"\x01\x01\x01\x01\x01\x01\x01\x01\x06\x06\x01\x01\x01\x01\x01\x01\x01\x01\x01\x01\x01\x01\x01\x01\x01\x01\x01\x01\x01\x01\x01\x01" +
	"\x01\x01\x01\x01\x01\x01\x01\x01\x01\x01\x01\x01\x01\x01\x01\x01\x01\x01\x01\x01\x01\x01\x01\x01\x00\x07\x07\x07\x07\x07\x07\x07" +
	"\x07\x07\x07\x07\x07\x07\x07\x07\x07\x07\x07\x07\x07\x07\x07\x07\x07\x07\x07\x07\x07\x07\x07\x07\x07\x08\x09\x09\x09\x09\x08\x02" +
	"\x0a\x0a\x0a\x0a\x00\x0b\x00\x0b\x00\x0b\x0c\x03\x03\x03\x03\x03\x03\x03\x03\x03\x03\x03\x03\x03\x03\x03\x04\x04\x04\x03\x03\x03" +
	"\x03\x03\x03\x03\x03\x03\x03\x03\x03\x0d\x0d\x0e\x0e\x0e\x05\x05\x05\x03\x03\x03\x03\x03\x03\x03\x03\x03\x03\x03\x03\x04\x04\x04" +
	"\x03\x03\x03\x03\x03\x03\x03\x03\x03\x03\x03\x03\x03\x03\x03\x05\x05\x05\x03\x03\x03\x03\x03\x03\x03\x03\x03\x03\x03\x03\x03\x03" +
	"\x03\x04\x04\x04\x03\x03\x03\x03\x03\x03\x03\x03\x03\x03\x03\x03\x03\x03\x03\x03\x03\x03\x03\x03\x03\x03\x03\x03\x04\x04\x04\x03" +
	"\x03\x03\x03\x03\x03\x03\x03\x03\x03\x03\x03\x01\x01\x01\x01\x01\x01\x01\x01\x01\x01\x01\x01\x01\x01\x01\x01\x01\x01\x01\x01\x01" +
	"\x01\x01\x01\x01\x01\x01\x01\x01\x01\x01\x01\x01\x01\x01\x01\x01\x01\x01\x01\x01\x01\x01\x01\x01\x01\x01\x01\x01\x01\x01\x01\x01" +
	"\x01\x01\x01\x01\x01\x01\x01\x01\x01\x01\x01\x01\x01\x01\x01\x01\x01\x01\x01\x01\x01\x01\x01\x01\x01\x01\x01\x01\x01\x01\x01\x01" +
	"\x01\x01\x01\x01\x01\x01\x01\x01\x01\x01\x01\x01\x01\x01\x01\x01\x01\x01\x01\x01\x01\x01\x01\x01\x01\x01\x01\x01\x01\x01\x01\x01" +
	"\x01\x01\x01\x01\x01\x01\x01\x01\x01\x01\x01\x01\x01\x01\x01\x01\x01\x01\x01\x01\x01\x01\x01\x0f\x0f\x0f\x0f\x0f\x0f\x0f\x0f\x0f" +
	"\x0f\x0f\x0f\x0f\x0f\x0f\x0f\x0f\x0f\x0f\x0f\x0f\x0f\x0f\x0f\x0f\x0f\x0f\x0f\x01\x01\x01\x01\x01\x01\x01\x01\x01\x01\x01\x01\x01" +
	"\x01\x01\x01\x01\x01\x01\x01\x01\x01\x01\x01\x01\x01\x01\x01\x01\x01\x01\x01\x01\x01\x01\x01\x01\x01\x01\x01\x01\x01\x01\x01\x01" +
	"\x01\x01\x01\x01\x01\x01\x01\x01\x01\x01\x01\x01\x01\x01\x01\x01\x01\x01\x01\x01\x01\x01\x01\x01\x01\x01\x01\x01\x01\x01\x01\x01" +
	"\x01\x01\x01\x01\x01\x01\x01\x10\x10\x10\x10\x10\x10\x10\x10\x10\x10\x10\x10\x10\x10\x10\x10\x10\x10\x10\x10\x10\x10\x10\x10\x10" +
	"\x10\x10\x10\x10\x10\x10\x10\x10\x10\x10\x10\x10\x10\x10\x10\x10\x10\x10\x10\x10\x10\x10\x10\x10\x10\x10\x10\x10\x10\x10\x10\x10" +
	"\x10\x10\x10\x10\x10\x10\x10\x10\x10\x10\x10\x10\x10\x10\x10\x10\x10\x10\x10\x10\x10\x10\x10\x10\x10\x10\x10\x11\x11\x11\x11\x11" +
	"\x11\x11\x11\x11\x11\x11\x11\x11\x11\x11\x11\x11\x11\x11\x11\x11\x11\x11\x11\x11\x11\x11\x11\x11\x11\x11\x11\x11\x11\x11\x11\x11" +
	"\x11\x11\x11\x11\x11\x11\x11\x11\x11\x11\x11\x11\x11\x11\x11\x11\x11\x11\x11\x12\x13\x14\x00\x0b\x00\x00\x00\x00\x00\x00\x00\x00" +
	"\x00\x00\x00\x00\x00\x00\x00\x00\x03\x03\x03\x03\x03\x03\x03\x03\x03\x03\x03\x03\x03\x03\x03\x03\x03\x03\x03\x03\x03\x03\x03\x03" +
	"\x03\x03\x03\x03\x03\x03\x03\x03\x03\x03\x03\x03\x03\x03\x03\x03\x03\x03\x03\x03\x03\x03\x03\x03\x03\x03\x03\x03\x03\x03\x03\x03" +
	"\x03\x03\x03\x03\x03\x03\x03\x03\x03\x03\x03\x03\x03\x03\x03\x03\x03\x03\x03\x03\x03\x03\x03\x03\x03\x03\x03\x03\x03\x03\x03\x03" +
	"\x03\x03\x03\x03\x03\x03\x03\x03\x03\x03\x03\x03\x03\x03\x03\x03\x03\x03\x03\x03\x03\x03\x03\x03\x03\x03\x03\x03\x03\x03\x03\x03" +
	"\x03\x03\x03\x03\x03\x03\x03\x03\x03\x03\x03\x03\x03\x03\x03\x03\x03\x03\x03\x03\x03\x03\x03\x03\x03\x03\x03\x03\x03\x03\x03\x03" +
	"\x03\x03\x03\x03\x03\x03\x03\x03\x03\x03\x03\x03\x03\x03\x03\x03\x03\x03\x03\x03\x03\x03\x03\x03\x03\x03\x03\x03\x03\x03\x03\x03" +
	"\x03\x03\x03\x03\x03\x03\x03\x03\x03\x03\x03\x03\x03\x03\x03\x03\x03\x03\x03\x03\x03\x03\x03\x03\x03\x03\x03\x03\x03\x03\x03\x03" +
	"\x03\x03\x03\x03\x03\x03\x03\x03\x03\x03\x03\x03\x03\x03\x03\x03\x03\x03\x03\x03\x03\x03\x03\x03\x03\x03\x03\x03\x03\x03\x03\x03" +
	"\x03\x03\x03\x03\x03\x03\x03\x03\x03\x03\x03\x03\x03\x03\x03\x03\x03\x03\x03\x03\x03\x03\x03\x03\x03\x03\x03\x03\x03\x03\x03\x03" +
	"\x03\x03\x03\x03\x03\x03\x03\x03\x03\x03\x03\x03\x03\x03\x03\x03\x03\x03\x03\x03\x03\x03\x03\x03\x03\x03\x03\x03\x03\x03\x03\x03" +
	"\x03\x03\x03\x03\x03\x03\x03\x03\x03\x03\x03\x03\x03\x03\x03\x03\x03\x03\x03\x03\x03\x03\x03\x03\x03\x03\x03\x03\x03\x03\x03\x03" +
	"\x03\x03\x03\x03\x03\x03\x03\x03\x03\x03\x03\x03\x03\x03\x03\x03\x03\x03\x03\x03\x03\x03\x03\x03\x03\x03\x03\x03\x03\x03\x03\x03" +
	"\x03\x03\x03\x03\x03\x03\x03\x03\x03\x03\x03\x03\x03\x03\x03\x03\x03\x03\x03\x03\x03\x03\x03\x03\x03\x03\x03\x03\x03\x03\x03\x03" +
	"\x03\x03\x03\x03\x03\x03\x03\x03\x03\x03\x03\x03\x03\x03\x03\x03\x03\x03\x03\x03\x03\x03\x03\x03\x03\x03\x03\x03\x03\x03\x03\x03" +
	"\x03\x03\x03\x03\x03\x03\x03\x03\x03\x03\x03\x03\x03\x03\x03\x03\x03\x03\x03\x03\x03\x03\x03\x03\x03\x03\x03\x03\x03\x03\x03\x03" +
	"\x03\x03\x03\x03\x03\x03\x03\x03\x03\x03\x03\x03\x03\x03\x03\x03\x03\x03\x03\x03\x03\x03\x03\x03\x03\x03\x03\x03\x03\x03\x03\x03" +
	"\x03\x03\x03\x03\x03\x03\x03\x03\x03\x03\x03\x03\x03\x03\x03\x03\x03\x03\x03\x03\x03\x03\x03\x03\x03\x03\x03\x03\x03\x03\x03\x03" +
	"\x03\x03\x03\x03\x03\x03\x03\x03\x03\x03\x03\x03\x03\x03\x03\x03\x03\x03\x03\x03\x03\x03\x03\x03\x03\x03\x03\x03\x03\x03\x03\x03" +
	"\x03\x03\x03\x03\x03\x03\x03\x03\x03\x03\x03\x03\x03\x03\x03\x03\x03\x03\x03\x03\x03\x03\x03\x03\x03\x03\x03\x03\x03\x03\x03\x03" +
	"\x03\x03\x03\x03\x03\x03\x03\x03\x03\x03\x03\x03\x03\x03\x03\x03\x03\x03\x03\x03\x03\x03\x03\x03\x03\x03\x03\x03\x03\x03\x03\x03" +
	"\x03\x03\x03\x03\x03\x03\x03\x03\x03\x03\x03\x03\x03\x03\x03\x03\x03\x03\x03\x03\x03\x03\x03\x03\x03\x03\x03\x03\x03\x03\x03\x03" +
	"\x03\x03\x03\x03\x03\x03\x03\x03\x03\x03\x03\x03\x03\x03\x03\x03\x03\x03\x03\x03\x03\x03\x03\x03\x03\x03\x03\x03\x03\x03\x03\x03" +
	"\x03\x03\x03\x03\x03\x03\x03\x03\x03\x03\x03\x03\x03\x03\x03\x03\x03\x03\x03\x03\x03\x03\x03\x03\x03\x03\x03\x03\x03\x03\x03\x03" +
	"\x03\x03\x03\x03\x03\x03\x03\x03\x03\x03\x03\x03\x03\x03\x03\x03\x03\x03\x03\x03\x03\x03\x03\x03\x03\x03\x03\x03\x03\x03\x03\x03" +
	"\x03\x03\x03\x03\x03\x03\x03\x03\x03\x03\x03\x03\x03\x03\x03\x03\x03\x03\x03\x03\x03\x03\x03\x03\x03\x03\x03\x03\x03\x03\x03\x03" +
	"\x03\x03\x03\x03\x03\x03\x03\x03\x03\x03\x03\x03\x03\x03\x03\x03\x03\x03\x03\x03\x03\x03\x03\x03\x03\x03\x03\x03\x03\x03\x03\x03" +
	"\x03\x03\x03\x03\x03\x03\x03\x03\x03\x03\x03\x03\x03\x03\x03\x03\x03\x03\x03\x03\x03\x03\x03\x03\x03\x03\x03\x03\x03\x03\x03\x03" +
	"\x03\x03\x03\x03\x03\x03\x03\x03\x03\x03\x03\x03\x03\x03\x03\x03\x03\x03\x03\x03\x03\x03\x03\x03\x03\x03\x03\x03\x03\x03\x03\x03" +
	"\x03\x03\x03\x03\x03\x03\x03\x03\x03\x03\x03\x03\x03\x03\x03\x03\x03\x03\x03\x03\x03\x03\x03\x03\x03\x03\x03\x03\x03\x03\x03\x03" +
	"\x03\x03\x03\x03\x03\x03\x03\x03\x03\x03\x03\x03\x03\x03\x03\x03\x03\x03\x03\x03\x03\x03\x03\x03\x03\x03\x03\x03\x03\x03\x03\x03" +
	"\x03\x03\x03\x03\x03\x03\x03\x03\x03\x03\x03\x03\x03\x03\x03\x03\x03\x03\x03\x03\x03\x03\x03\x03\x03\x03\x03\x03\x03\x03\x03\x03" +
	"\x03\x03\x03\x03\x03\x03\x03\x03\x03\x03\x03\x03\x03\x03\x03\x03\x03\x03\x03\x03\x03\x03\x03\x03\x03\x03\x03\x03\x03\x03\x03\x03" +
	"\x03\x03\x03\x03\x03\x03\x03\x03\x03\x03\x03\x03\x03\x03\x03\x03\x03\x03\x03\x03\x03\x03\x03\x03\x03\x03\x03\x03\x03\x03\x03\x03" +
	"\x03\x03\x03\x03\x03\x03\x03\x03\x03\x03\x03\x03\x03\x03\x03\x03\x03\x03\x03\x03\x03\x03\x03\x03\x03\x03\x03\x03\x03\x03\x03\x03" +
	"\x03\x03\x03\x03\x03\x03\x03\x03\x03\x03\x03\x03\x03\x03\x03\x03\x03\x03\x03\x03\x03\x03\x03\x03\x03\x03\x03\x03\x03\x03\x03\x03" +
	"\x03\x03\x03\x03\x03\x03\x03\x03\x03\x03\x03\x03\x03\x03\x03\x03\x03\x03\x03\x03\x03\x03\x03\x03\x03\x03\x03\x03\x03\x03\x03\x03" +
	"\x03\x03\x03\x03\x03\x03\x03\x03\x03\x03\x03\x03\x03\x03\x03\x03\x03\x03\x03\x03\x03\x03\x03\x03\x03\x03\x03\x03\x03\x03\x03\x03" +
	"\x03\x03\x03\x03\x03\x03\x03\x03\x03\x03\x03\x03\x03\x03\x03\x03\x03\x03\x03\x03\x03\x03\x03\x03\x03\x03\x03\x03\x03\x03\x03\x03" +
	"\x03\x03\x03\x03\x03\x03\x03\x03\x03\x03\x03\x03\x03\x03\x03\x03\x03\x03\x03\x03\x03\x03\x03\x03\x03\x03\x03\x03\x03\x03\x03\x03" +
	"\x03\x03\x03\x03\x03\x03\x03\x03\x03\x03\x03\x03\x03\x03\x03\x03\x03\x03\x03\x03\x03\x03\x03\x03\x03\x03\x03\x03\x03\x03\x03\x03" +
	"\x03\x03\x03\x03\x03\x03\x03\x03\x03\x03\x03\x03\x03\x03\x03\x03\x03\x03\x03\x03\x03\x03\x03\x03\x03\x03\x03\x03\x03\x03\x03\x03" +
	"\x03\x03\x03\x03\x03\x03\x03\x03\x03\x03\x03\x03\x03\x03\x03\x03\x03\x03\x03\x03\x03\x03\x03\x03\x03\x03\x03\x03\x03\x03\x03\x03" +
	"\x03\x03\x03\x03\x03\x03\x03\x03\x03\x03\x03\x03\x03\x03\x03\x03\x03\x03\x03\x03\x03\x03\x03\x03\x03\x03\x03\x03\x03\x03\x03\x03" +
	"\x03\x03\x03\x03\x03\x03\x03\x03\x03\x03\x03\x03\x03\x03\x03\x03\x03\x03\x03\x03\x03\x03\x03\x03\x03\x03\x03\x03\x03\x03\x03\x03" +
	"\x03\x03\x03\x03\x03\x03\x03\x03\x03\x03\x03\x03\x03\x03\x03\x03\x03\x03\x03\x03\x03\x03\x03\x03\x03\x03\x03\x03\x03\x03\x03\x03" +
	"\x03\x03\x03\x03\x03\x03\x03\x03\x03\x03\x03\x03\x03\x03\x03\x03\x03\x03\x03\x03\x03\x03\x03\x03\x03\x03\x03\x03\x03\x03\x03\x03" +
	"\x03\x03\x03\x03\x03\x03\x03\x03\x03\x03\x03\x03\x03\x03\x03\x03\x03\x03\x03\x03\x03\x03\x03\x03\x03\x03\x03\x03\x03\x03\x03\x03" +
	"\x03\x03\x03\x03\x03\x03\x03\x03\x03\x03\x03\x03\x03\x03\x03\x03\x03\x03\x03\x03\x03\x03\x03\x03\x03\x03\x03\x03\x03\x03\x03\x03" +
	"\x03\x03\x03\x03\x03\x03\x03\x03\x03\x03\x03\x03\x03\x03\x03\x03\x03\x03\x03\x03\x03\x03\x03\x03\x03\x03\x03\x03\x03\x03\x03\x03" +
	"\x03\x03\x03\x03\x03\x03\x03\x03\x03\x03\x03\x03\x03\x03\x03\x03\x03\x03\x03\x03\x03\x03\x03\x03\x03\x03\x03\x03\x03\x03\x03\x03" +
	"\x03\x03\x03\x03\x03\x03\x03\x03\x03\x03\x03\x03\x03\x03\x15\x15\x15\x15\x15\x15\x15\x15\x15\x15\x15\x15\x15\x15\x15\x15\x16\x16" +
	"\x16\x16\x16\x16\x16\x16\x16\x16\x16\x16\x16\x16\x16\x16\x16\x16\x16\x16\x16\x16\x16\x16\x16\x16\x16\x16\x16\x16\x16\x16\x16\x16" +
	"\x16\x16\x16\x16\x16\x16\x16\x16\x16\x16\x16\x16\x16\x16\x00\x00\x00\x00\x00\x00\x00\x00\x00\x00\x00\x00\x17\x01\x01\x01\x01\x18" +
	"\x01\x01\x19\x19\x19\x00\x00\x00\x00\x00\x00\x00\x00\x00\x00\x00\x00\x00\x00\x00\x00\x00\x00\x00\x00\x00\x00\x00\x00\x00\x00\x00" +
	"\x00\x00\x00\x00\x00\x00\x00\x00\x00\x1a\x1a\x1a\x1a\x1a\x1a\x1a\x1a\x1a\x1a\x1a\x1a\x1a\x1a\x1a\x1a\x1a\x1a\x1a\x1a\x1a\x1a\x1a" +
	"\x1a\x1a\x1a\x1a\x1a\x1a\x1a\x1a\x1a\x1a\x1a\x1a\x1a\x1a\x1a\x1a\x1a\x1a\x1a\x1a\x1a\x1a\x1a\x1a\x1a\x1a\x1a\x1a\x1a\x1a\x1a\x1a" +
	"\x1a\x1a\x1a\x1a\x1a\x1a\x1a\x1a\x1a\x1a\x1a\x1a\x1a\x1a\x1a\x1a\x1a\x1a\x1a\x1a\x1a\x1a\x1a\x1a\x1a\x1a\x1a\x1a\x1a\x1a\x1a\x1a" +
	"\x1a\x1a\x1a\x1a\x1a\x1a\x1a\x1a\x1a\x1a\x1a\x1a\x1a\x1a\x1a\x1a\x1a\x1a\x1a\x1a\x1a\x1a\x1a\x1a\x1a\x1a\x1a\x1a\x1a\x1a\x1a\x1a" +
	"\x1a\x1a\x1a\x1a\x1a\x1a\x1a\x1a\x1a\x1a\x1a\x1a\x1a\x1a\x1a\x1a\x1a\x1a\x1a\x1a\x1a\x1a\x1a\x1a\x1a\x1a\x1a\x1a\x1a\x1a\x1a\x1a" +
	"\x1a\x1a\x1a\x1a\x1a\x1a\x1a\x1a\x1a\x1a\x1a\x1a\x1a\x1a\x1a\x1a\x1a\x1a\x1a\x1a\x1a\x1a\x1a\x1a\x1a\x1a\x1a\x1a\x1a\x1a\x1a\x1a" +
	"\x1a\x1a\x1a\x1a\x1a\x1a\x1a\x1a\x1a\x1a\x1a\x1a\x1a\x1a\x1a\x1a\x1a\x1a\x1a\x1a\x1a\x1a\x1a\x1a\x1a\x1a\x1a\x1a\x1a\x1a\x1a\x1a" +
	"\x1a\x1a\x1a\x1a\x1a\x1a\x1a\x1a\x1a\x1a\x1a\x1a\x1a\x1a\x1a\x1a\x1a\x1a\x1a\x1a\x1a\x1a\x1a\x1a\x1a\x1a\x1a\x1a\x1a\x1a\x1a\x1a" +
	"\x1a\x1a\x1a\x1a\x1a\x1a\x1a\x1a\x1a\x1a\x1a\x1a\x1a\x1a\x1a\x1a\x1a\x1a\x1a\x1a\x1a\x1a\x1a\x1a\x1a\x1a\x1a\x1a\x1a\x1a\x1a\x1a" +
	"\x1a\x1a\x1a\x1a\x1a\x1a\x1a\x1a\x1a\x1a\x1a\x1a\x1a\x1a\x1a\x1a\x1a\x1a\x1a\x1a\x1a\x1a\x1a\x1a\x1a\x1a\x1a\x1a\x1a\x1a\x1a\x1a" +
	"\x1a\x1a\x1a\x1a\x1a\x1a\x1a\x1a\x1a\x1a\x1a\x1a\x1a\x1a\x1a\x1a\x1a\x1a\x1a\x1a\x1a\x1a\x1a\x1a\x1a\x1a\x1a\x1a\x1a\x1a\x1a\x1a" +
	"\x1a\x1a\x1a\x1a\x1a\x1a\x1a\x1a\x1a\x1a\x1a\x1a\x1a\x1a\x1a\x1a\x1a\x1a\x1a\x1a\x1a\x1a\x1a\x1a\x1a\x1a\x1a\x1a\x1a\x1a\x1a\x1a" +
	"\x1a\x1a\x1a\x1a\x1a\x1a\x1a\x1a\x1a\x1a\x1a\x1a\x1a\x1a\x1a\x1a\x1a\x1a\x1a\x1a\x1a\x1a\x1a\x1a\x1a\x1a\x1a\x1a\x1a\x1a\x1a\x1a" +
	"\x1a\x1a\x1a\x1a\x1a\x1a\x1a\x1a\x1a\x1a\x1a\x1a\x1a\x1a\x1a\x1a\x1a\x1a\x1a\x1a\x1a\x1a\x1a\x1a\x1a\x1a\x1a\x1a\x1a\x1a\x1a\x1a" +
	"\x1a\x1a\x1a\x1a\x1a\x1a\x1a\x1a\x1a\x1a\x1a\x1a\x1a\x1a\x1a\x1a\x1a\x1a\x1a\x1a\x1a\x1a\x1a\x1a\x1a\x1a\x1a\x1a\x1a\x1a\x1a\x1a" +
	"\x1a\x1a\x1a\x1a\x1a\x1a\x1a\x1a\x1a\x1a\x1a\x1a\x1a\x1a\x1a\x1a\x1a\x1a\x1a\x1a\x1a\x1a\x1a\x1a\x1a\x1a\x1a\x1a\x1a\x1a\x1a\x1a" +
	"\x1a\x1a\x1a\x1a\x1a\x1a\x1a\x1a\x1a\x1a\x1a\x1a\x1a\x1a\x1a\x1a\x1a\x1a\x1a\x1a\x1a\x1a\x1a\x1a\x1a\x1a\x1a\x1a\x1a\x1a\x1a\x1a" +
	"\x1a\x1a\x1a\x1a\x1a\x1a\x1a\x1a\x1a\x1a\x1a\x1a\x1a\x1a\x1a\x1a\x1a\x1a\x1a\x1a\x1a\x1a\x1a\x1a\x1a\x1a\x1a\x1a\x1a\x1a\x1a\x1a" +
	"\x1a\x1a\x1a\x1a\x1a\x1a\x1a\x1a\x1a\x1a\x1a\x1a\x1a\x1a\x1a\x1a\x1a\x1a\x1a\x1a\x1a\x1a\x1a\x1a\x1a\x1a\x1a\x1a\x1a\x1a\x1a\x1a" +
	"\x1a\x1a\x1a\x1a\x1a\x1a\x1a\x1a\x1a\x1a\x1a\x1a\x1a\x1a\x1a\x1a\x1a\x1a\x1a\x1a\x1a\x1a\x1a\x1a\x1a\x1a\x1a\x1a\x1a\x1a\x1a\x1a" +
	"\x1a\x1a\x1a\x1a\x1a\x1a\x1a\x1a\x1a\x1a\x1a\x1a\x1a\x1a\x1a\x1a\x1a\x1a\x1a\x1a\x1a\x1a\x1a\x1a\x1a\x1a\x1a\x1a\x1a\x1a\x1a\x1a" +
	"\x1a\x1a\x1a\x1a\x1a\x1a\x1a\x1a\x1a\x1a\x1a\x1a\x1a\x1a\x1a\x1a\x1a\x1a\x1a\x1a\x1a\x1a\x1a\x1a\x1a\x1a\x1a\x1a\x1a\x1a\x1a\x1a" +
	"\x1a\x1a\x1a\x1a\x1a\x1a\x1a\x1a\x1a\x1a\x1a\x1a\x1a\x1a\x1a\x1a\x1a\x1a\x1a\x1a\x1a\x1a\x1a\x1a\x1a\x1a\x1a\x1a\x1a\x1a\x1a\x1a" +
	"\x1a\x1a\x1a\x1a\x1a\x1a\x1a\x1a\x1a\x1a\x1a\x1a\x1a\x1a\x1a\x1a\x1a\x1a\x1a\x1a\x1a\x1a\x1a\x1a\x1a\x1a\x1a\x1a\x1a\x1a\x1a\x1a" +
	"\x1a\x1a\x1a\x1a\x1a\x1a\x1a\x1a\x1a\x1a\x1a\x1a\x1a\x1a\x1a\x1a\x1a\x1a\x1a\x1a\x1a\x1a\x1a\x1a\x1a\x1a\x1a\x1a\x1a\x1a\x1a\x1a" +
	"\x1a\x1a\x1a\x1a\x1a\x1a\x1a\x1a\x1a\x1a\x1a\x1a\x1a\x1a\x1a\x1a\x1a\x1a\x1a\x1a\x1a\x1a\x1a\x1a\x1a\x1a\x1a\x1a\x1a\x1a\x1a\x1a" +
	"\x1a\x1a\x1a\x1a\x1a\x1a\x1a\x1a\x1a\x1a\x1a\x1a\x1a\x1a\x1a\x1a\x1a\x1a\x1a\x1a\x1a\x1a\x1a\x1a\x1a\x1a\x1a\x1a\x1a\x1a\x1a\x1a" +
	"\x1a\x1a\x1a\x1a\x1a\x1a\x1a\x1a\x1a\x1a\x1a\x1a\x1a\x1a\x1a\x1a\x1a\x1a\x1a\x1a\x1a\x1a\x1a\x1a\x1a\x1a\x1a\x1a\x1a\x1a\x1a\x1a" +
	"\x1a\x1a\x1a\x1a\x1a\x1a\x1a\x1a\x1a\x1a\x1a\x1a\x1a\x1a\x1a\x1a\x1a\x1a\x1a\x1a\x1a\x1a\x1a\x1a\x1a\x1a\x1a\x1a\x1a\x1a\x1a\x1a" +
	"\x1a\x1a\x1a\x1a\x1a\x1a\x1a\x1a\x1a\x1a\x1a\x1a\x1a\x1a\x1a\x1a\x1a\x1a\x1a\x1a\x1a\x1a\x1a\x1a\x1a\x1a\x1a\x1a\x1a\x1a\x1a\x1a" +
	"\x1a\x1a\x1a\x1a\x1a\x1a\x1a\x1a\x1a\x1a\x1a\x1a\x1a\x1a\x1a\x1a\x1a\x1a\x1a\x1a\x1a\x1a\x1a\x1a\x1a\x1a\x1a\x1a\x1a\x1a\x1a\x1a" +
	"\x1a\x1a\x1a\x1a\x1a\x1a\x1a\x1a\x1a\x1a\x1a\x1a\x1a\x1a\x1a\x1a\x1a\x1a\x1a\x1a\x1a\x1a\x1a\x1a\x1a\x1a\x1a\x1a\x1a\x1a\x1a\x1a" +
	"\x1a\x1a\x1a\x1a\x1a\x1a\x1a\x1a\x1a\x1a\x1a\x1a\x1a\x1a\x1a\x1a\x1a\x1a\x1a\x1a\x1a\x1a\x1a\x1a\x1a\x1a\x1a\x1a\x1a\x1a\x1a\x1a" +
	"\x1a\x1a\x1a\x1a\x1a\x1a\x1a\x1a\x1a\x1a\x1a\x1a\x1a\x1a\x1a\x1a\x1a\x1a\x1a\x1a\x1a\x1a\x1a\x1a\x1a\x1a\x1a\x1a\x1a\x1a\x1a\x1a" +
	"\x1a\x1a\x1a\x1a\x1a\x1a\x1a\x1a\x1a\x1a\x1a\x1a\x1a\x1a\x1a\x1a\x1a\x1a\x1a\x1a\x1a\x1a\x1a\x1a\x1a\x1a\x1a\x1a\x1a\x1a\x1a\x1a" +
	"\x1a\x1a\x1a\x1a\x1a\x1a\x1a\x1a\x1a\x1a\x1a\x1a\x1a\x1a\x1a\x1a\x1a\x1a\x1a\x1a\x1a\x1a\x1a\x1a\x1a\x1a\x1a\x1a\x1a\x1a\x1a\x1a" +
	"\x1a\x1a\x1a\x1a\x1a\x1a\x1a\x1a\x1a\x1a\x1a\x1a\x1a\x1a\x1a\x1a\x1a\x1a\x1a\x1a\x1a\x1a\x1a\x1a\x1a\x1a\x1a\x1a\x1a\x1a\x1a\x1a" +
	"\x1a\x1a\x1a\x1a\x1a\x1a\x1a\x1a\x1a\x1a\x1a\x1a\x1a\x1a\x1a\x1a\x1a\x1a\x1a\x1a\x1a\x1a\x1a\x1a\x1a\x1a\x1a\x1a\x1a\x1a\x1a\x1a" +
	"\x1a\x1a\x1a\x1a\x1a\x1a\x1a\x1a\x1a\x1a\x1a\x1a\x1a\x1a\x1a\x1a\x1a\x1a\x1a\x1a\x1a\x1a\x1a\x1a\x1a\x1a\x1a\x1a\x1a\x1a\x1a\x1a" +
	"\x1a\x1a\x1a\x1a\x1a\x1a\x1a\x1a\x1a\x1a\x1a\x1a\x1a\x1a\x1a\x1a\x1a\x1a\x1a\x1a\x1a\x1a\x1a\x1a\x1a\x1a\x1a\x1a\x1a\x1a\x1a\x1a" +
	"\x1a\x1a\x1a\x1a\x1a\x1a\x1a\x1a\x1a\x1a\x1a\x1a\x1a\x1a\x1a\x1a\x1a\x1a\x1a\x1a\x1a\x1a\x1a\x1a\x1a\x1a\x1a\x1a\x1a\x1a\x1a\x1a" +
	"\x1a\x1a\x1a\x1a\x1a\x1a\x1a\x1a\x1a\x1a\x1a\x1a\x1a\x1a\x1a\x1a\x1a\x1a\x1a\x1a\x1a\x1a\x1a\x1a\x1a\x1a\x1a\x1a\x1a\x1a\x1a\x1a" +
	"\x1a\x1a\x1a\x1a\x1a\x1a\x1a\x1a\x1a\x1a\x1a\x1a\x1a\x1a\x1a\x1a\x1a\x1a\x1a\x1a\x1a\x1a\x1a\x1a\x1a\x1a\x1a\x1a\x1a\x1a\x1a\x1a" +
	"\x1a\x1a\x1a\x1a\x1a\x1a\x1a\x1a\x1a\x1a\x1a\x1a\x1a\x1a\x1a\x1a\x1a\x1a\x1a\x1a\x1a\x1a\x1a\x1a\x1a\x00\x00\x00\x00\x00\x00\x00" +
	"\x00\x00\x00\x00\x00\x01\x01\x01\x01\x01\x01\x01\x01\x01\x01\x01\x01\x01\x01\x01\x01\x01\x16\x1b\x00\x01\x01\x03\x1c\x1c\x1c\x1c" +
	"\x1c\x1c\x1c\x1c\x1c\x1c\x1c\x1c\x1c\x1c\x1c\x1c\x1c\x1c\x1c\x1c\x1c\x1c\x1c\x1c\x1c\x1c\x1c\x1c\x1c\x1c\x1c\x1c\x1c\x1c\x1c\x1c" +
	"\x1c\x1c\x1c\x1c\x1c\x1c\x1c\x1c\x1c\x1c\x1c\x1c\x1c\x1c\x1c\x1c\x1c\x1c\x1c\x1c\x1c\x1c\x1c\x1c\x1c\x1c\x1c\x1c\x1c\x1c\x1c\x1c" +
	"\x1c\x1c\x1c\x1c\x1c\x1c\x1c\x1c\x1c\x1c\x1c\x1c\x1c\x1c\x1c\x1c\x1c\x1c\x1c\x1c\x1c\x1c\x1c\x1c\x1c\x1c\x1c\x1c\x1c\x1c\x1c\x1c" +
	"\x1c\x1c\x1c\x1c\x1c\x1c\x1c\x1c\x1c\x1c\x1c\x1c\x1c\x1c\x1c\x1c\x1c\x1c\x1c\x1c\x1c\x1c\x1c\x1c\x1c\x1c\x1c\x1c\x1c\x1c\x1c\x1c" +
	"\x1c\x1c\x1c\x1c\x1c\x1c\x1c\x1c\x1c\x1c\x1c\x1c\x1c\x1c\x1c\x1c\x1c\x1c\x1c\x1c\x1c\x1c\x1c\x1c\x1c\x1c\x1c\x1c\x1c\x1c\x1c\x1c" +
	"\x1c\x1c\x1c\x1c\x1c\x1c\x1c\x1c\x1c\x1c\x1c\x1c\x1c\x1c\x1c\x1c\x1c\x1c\x1c\x1c\x1c\x1c\x1c\x1c\x1c\x1c\x1c\x1c\x1c\x1c\x1c\x1c" +
	"\x1c\x1c\x1c\x1c\x1c\x1c\x1c\x1c\x1c\x1c\x1c\x1c\x1c\x1c\x1c\x1c\x1c\x1c\x1c\x1c\x1c\x1c\x1c\x1c\x1c\x1c\x1c\x1c\x1c\x1c\x1c\x1c" +
	"\x1c\x1c\x1c\x1c\x1c\x1c\x1c\x1c\x1c\x1c\x1c\x1c\x1c\x1c\x1c\x1c\x1c\x1c\x1c\x1c\x1c\x1c\x1c\x1c\x1c\x1c\x1c\x1c\x1d\x1d\x1d\x1d" +
	"\x1d\x1d\x1d\x1d\x1d\x1d\x1d\x1d\x1d\x1d\x1d\x1d\x1d\x1d\x1d\x1d\x1d\x1d\x1d\x1d\x1d\x1d\x1d\x1d\x1d\x1d\x1d\x1d\x1d\x1d\x1d\x1d" +
	"\x1d\x1d\x1d\x1d\x1d\x1d\x1d\x1d\x1d\x1d\x1d\x1d\x1d\x1d\x1d\x1d\x1d\x1d\x1d\x1d\x1d\x1d\x1d\x1d\x1d\x1d\x1d\x1d\x1d\x1d\x1d\x1d" +
	"\x1d\x1d\x1d\x1d\x1d\x1d\x1d\x1d\x1d\x1d\x1d\x1d\x1d\x1d\x1d\x1d\x1d\x1d\x1d\x1d\x1d\x1d\x1d\x1d\x1d\x1d\x1d\x1d\x1d\x1d\x1d\x1d" +
	"\x1d\x1d\x1d\x1d\x1d\x1d\x1d\x1d\x1d\x1d\x1d\x1d\x1d\x1d\x1d\x1d\x1d\x1d\x1d\x1d\x1d\x1d\x1d\x1d\x1d\x1d\x1d\x1d\x1d\x1d\x1d\x1d" +
	"\x1d\x1d\x1d\x1d\x1d\x1d\x1d\x1d\x1d\x1d\x1d\x1d\x1d\x1d\x1d\x1d\x1d\x1d\x1d\x1d\x1d\x1d\x1d\x1d\x1d\x1d\x1d\x1d\x1d\x1d\x1d\x1d" +
	"\x1d\x1d\x1d\x1d\x1d\x1d\x1d\x1d\x1d\x1d\x1d\x1d\x1d\x1d\x1d\x1d\x1d\x1d\x1d\x1d\x1d\x1d\x1d\x1d\x1d\x1d\x1d\x1d\x1d\x1d\x1d\x1d" +
	"\x1d\x1d\x1d\x1d\x1d\x1d\x1d\x1d\x1d\x1d\x1d\x1d\x1d\x1d\x1d\x1d\x1d\x1d\x1d\x1d\x1d\x1d\x1d\x1d\x1d\x1d\x1d\x1d\x1d\x1d\x1d\x1d" +
	"\x1d\x1d\x1d\x1d\x1d\x1d\x1d\x1d\x1d\x1d\x1d\x1d\x1d\x1d\x1d\x1d\x1d\x1d\x1d\x1d\x1d\x1d\x1d\x1d\x1d\x1d\x1d\x1d\x1d\x1d\x1d\x1d" +
	"\x1d\x1d\x1d\x1d\x1d\x1d\x1d\x1d\x1d\x1d\x1d\x1d\x1d\x1d\x1d\x1d\x1d\x1d\x1d\x1d\x1d\x1d\x1d\x1d\x1d\x1d\x1d\x1d\x1d\x1d\x1d\x1d" +
	"\x1d\x1d\x1d\x1d\x1d\x1d\x1d\x1d\x1d\x1d\x1d\x1d\x1d\x1d\x1d\x1d\x1d\x1d\x1d\x1d\x1d\x1d\x1d\x1d\x1d\x1d\x1d\x1d\x1d\x1d\x1d\x1d" +
	"\x1d\x1d\x1d\x1d\x1d\x1d\x1d\x1d\x1d\x1d\x1d\x1d\x1d\x1d\x1d\x1d\x1d\x1d\x1d\x1d\x1d\x1d\x1d\x1d\x1d\x1d\x1d\x1d\x1d\x1d\x1d\x1d" +
	"\x1d\x1d\x1d\x1d\x1d\x1d\x1d\x1d\x1d\x1d\x1d\x1d\x1d\x1d\x1d\x1d\x1d\x1d\x1d\x1d\x1d\x1d\x1d\x1d\x1d\x1d\x1d\x1d\x1d\x1d\x1d\x1d" +
	"\x1d\x1d\x1d\x1d\x1d\x1d\x1d\x1d\x1d\x1d\x1d\x1d\x1d\x1d\x1d\x1d\x1d\x1d\x1d\x1d\x1d\x1d\x1d\x1d\x1d\x1d\x1d\x1d\x1d\x1d\x1d\x1d" +
	"\x1d\x1d\x1d\x1d\x1d\x1d\x1d\x1d\x1d\x1d\x1d\x1d\x1d\x1d\x1d\x1d\x1d\x1d\x1d\x1d\x1d\x1d\x1d\x1d\x1d\x1d\x1d\x1d\x1d\x1d\x1d\x1d" +
	"\x1d\x1d\x1d\x1d\x1d\x1d\x1d\x1d\x1d\x1d\x1d\x1d\x1d\x1d\x1d\x1d\x1d\x1d\x1d\x1d\x1d\x1d\x1d\x1d\x1d\x1d\x1d\x1d\x1d\x1d\x1d\x1d" +
	"\x1d\x1d\x1d\x1d\x1d\x1d\x1d\x1d\x1d\x1d\x1d\x1d\x1d\x1d\x1d\x1d\x1d\x1d\x1d\x1d\x1d\x1d\x1d\x1d\x1d\x1d\x1d\x1d\x1d\x1d\x1d\x1d" +
	"\x1d\x1d\x1d\x1d\x1d\x1d\x1d\x1d\x1d\x1d\x1d\x1d\x1d\x1d\x1d\x1d\x1d\x1d\x1d\x1d\x1d\x1d\x1d\x1d\x1d\x1d\x1d\x1d\x1d\x1d\x1d\x1d" +
	"\x1d\x1d\x1d\x1d\x1d\x1d\x1d\x1d\x1d\x1d\x1d\x1d\x1d\x1d\x1d\x1d\x1d\x1d\x1d\x1d\x1d\x1d\x1d\x1d\x1d\x1d\x1d\x1d\x1d\x1d\x1d\x1d" +
	"\x1d\x1d\x1d\x1d\x1d\x1d\x1d\x1d\x1d\x1d\x1d\x1d\x1d\x1d\x1d\x1d\x1d\x1d\x1d\x1d\x1d\x1d\x1d\x1d\x1d\x1d\x1d\x1d\x1d\x1d\x1d\x1d" +
	"\x1d\x1d\x1d\x1d\x1d\x1d\x1d\x1d\x1d\x1d\x1d\x1d\x1d\x1d\x1d\x1d\x1d\x1d\x1d\x1d\x1d\x1d\x1d\x1d\x1d\x1d\x1d\x1d\x1d\x1d\x1d\x1d" +
	"\x1d\x1d\x1d\x1d\x1d\x1d\x1d\x1d\x1d\x1d\x1d\x1d\x1d\x1d\x1d\x1d\x1d\x1d\x1d\x1d\x1d\x1d\x1d\x1d\x1d\x1d\x1d\x1d\x1d\x1d\x1d\x1d" +
	"\x1d\x1d\x1d\x1d\x1d\x1d\x1d\x1d\x1d\x1d\x1d\x1d\x1d\x1d\x1d\x1d\x1d\x1d\x1d\x1d\x1d\x1d\x1d\x1d\x1d\x1d\x1d\x1d\x1d\x1d\x1d\x1d" +
	"\x1d\x1d\x1d\x1d\x1d\x1d\x1d\x1d\x1d\x1d\x1d\x1d\x1d\x1d\x1d\x1d\x1d\x1d\x1d\x1d\x1d\x1d\x1d\x1d\x1d\x1d\x1d\x1d\x1d\x1d\x1d\x1d" +
	"\x1d\x1d\x1d\x1d\x1d\x1d\x1d\x1d\x1d\x1d\x1d\x1d\x1d\x1d\x1d\x1d\x1d\x1d\x1d\x1d\x1d\x1d\x1d\x1d\x1d\x1d\x1d\x1d\x1d\x1d\x1d\x1d" +
	"\x1d\x1d\x1d\x1d\x1d\x1d\x1d\x1d\x1d\x1d\x1d\x1d\x1d\x1d\x1d\x1d\x1d\x1d\x1d\x1d\x1d\x1d\x1d\x1d\x1d\x1d\x1d\x1d\x1d\x1d\x1d\x1d" +
	"\x1d\x1d\x1d\x1d\x1d\x1d\x1d\x1d\x1d\x1d\x1d\x1d\x1d\x1d\x1d\x1d\x1d\x1d\x1d\x1d\x1d\x1d\x1d\x1d\x1d\x1d\x1d\x1d\x00\x00\x03\x03" +
	"\x03\x03\x03\x1a\x1a\x1a\x1a\x1a\x1a\x1a\x1a\x1a\x1a\x1a\x1a\x1a\x1a\x1a\x1a\x1a\x1a\x1a\x1a\x1a\x1a\x1a\x1a\x1a\x1a\x1a\x1a\x1a" +
	"\x1a\x1a\x1a\x1a\x1a\x1a\x1a\x1a\x1a\x1a\x1a\x1a\x1a\x1a\x1a\x1a\x1a\x1a\x1a\x1a\x1a\x1a\x1a\x1a\x1a\x1a\x1a\x1a\x1a\x1a\x1a\x1a" +
	"\x1a\x1a\x1a\x1a\x1a\x1a\x1a\x1a\x1a\x1a\x1a\x1a\x1a\x1a\x1a\x1a\x1a\x1a\x1a\x1a\x1a\x1a\x1a\x1a\x1a\x1a\x1a\x1a\x1a\x1a\x1a\x1a" +
	"\x1a\x1a\x1a\x1a\x1a\x1a\x1a\x1a\x1a\x1a\x1a\x1a\x1a\x1a\x1a\x1a\x1a\x1a\x1a\x1a\x1a\x1a\x1a\x1a\x1a\x1a\x1a\x1a\x1a\x1a\x1a\x1a" +
	"\x1a\x1a\x1a\x1a\x1a\x1a\x1a\x1a\x1a\x1a\x1a\x1a\x1a\x1a\x1a\x1a\x1a\x1a\x1a\x1a\x1a\x1a\x1a\x1a\x1a\x1a\x1a\x1a\x1a\x1a\x1a\x1a" +
	"\x1a\x1a\x1a\x1a\x1a\x1a\x1a\x1a\x1a\x1a\x1a\x1a\x1a\x1a\x1a\x1a\x1a\x1a\x1a\x1a\x1a\x1a\x1a\x1a\x1a\x1a\x1a\x1a\x1a\x1a\x1a\x1a" +
	"\x1a\x1a\x1a\x1a\x1a\x1a\x1a\x1a\x1a\x1a\x1a\x1a\x1a\x1a\x1a\x1a\x1a\x1a\x1a\x1a\x1a\x1a\x1a\x1a\x1a\x1a\x1a\x1a\x1a\x1a\x1a\x1a" +
	"\x1a\x1a\x1a\x1a\x1a\x1a\x1a\x1a\x1a\x1a\x1a\x1a\x1a\x1a\x1a\x1a\x1a\x1a\x1a\x1a\x1a\x1a\x1a\x1a\x1a\x1a\x1a\x1a\x1a\x1a\x1a\x1a" +
	"\x1a\x1a\x1a\x1a\x1a\x1a\x1a\x1a\x1a\x1a\x1a\x1a\x1a\x1a\x1a\x1a\x1a\x1a\x1a\x1a\x1a\x1a\x1a\x1a\x1a\x1a\x1a\x1a\x1a\x1a\x1a\x1a" +
	"\x1a\x1a\x1a\x1a\x1a\x1a\x1a\x1a\x1a\x1a\x1a\x1a\x1a\x1a\x1a\x1a\x1a\x1a\x1a\x1a\x1a\x1a\x1a\x1a\x1a\x1a\x1a\x1a\x1a\x1a\x1a\x1a" +
	"\x1a\x1a\x1a\x1a\x1a\x1a\x1a\x1a\x1a\x1a\x1a\x1a\x1a\x1a\x1a\x1a\x1a\x1a\x1a\x1a\x1a\x1a\x1a\x1a\x1a\x1a\x1a\x1a\x1a\x1a\x1a\x1a" +
	"\x1a\x1a\x1a\x1a\x1a\x1a\x1a\x1a\x1a\x1a\x1a\x1a\x1a\x1a\x1a\x1a\x1a\x1a\x1a\x1a\x1a\x1a\x1a\x1a\x1a\x1a\x1a\x1a\x1a\x1a\x1a\x1a" +
	"\x1a\x1a\x1a\x1a\x1a\x1a\x1a\x1a\x1a\x1a\x1a\x1a\x1a\x1a\x1a\x1a\x1a\x1a\x1a\x1a\x1a\x1a\x1a\x1a\x1a\x1a\x1a\x1a\x1a\x1a\x1a\x1a" +
	"\x1a\x1a\x1a\x1a\x1a\x1a\x1a\x1a\x1a\x1a\x1a\x1a\x1a\x1a\x1a\x1a\x1a\x1a\x1a\x1a\x1a\x1a\x1a\x1a\x1a\x1a\x1a\x1a\x1a\x1a\x1a\x1a" +
	"\x1a\x1a\x1a\x1a\x1a\x1a\x1a\x1a\x1a\x1a\x1a\x1a\x1a\x1a\x1a\x1a\x1a\x1a\x1a\x1a\x1a\x1a\x1a\x1a\x1a\x1a\x1a\x1a\x1a\x1a\x1a\x1a" +
	"\x1a\x1a\x1a\x1a\x1a\x1a\x1a\x1a\x1a\x1a\x1a\x1a\x1a\x1a\x1a\x1a\x1a\x1a\x1a\x1a\x1a\x1a\x1a\x1a\x1a\x1a\x1a\x1a\x1a\x1a\x1a\x1a" +
	"\x1a\x1a\x1a\x1a\x1e\x1f\x1f\x1f\x1f\x1f\x1f\x1f\x1f\x1f\x1f\x1f\x1f\x1f\x1f\x1f\x1f\x1f\x1f\x03\x03\x03\x03\x03\x03\x03\x03\x03" +
	"\x03\x03\x03\x03\x03\x03\x03\x03\x03\x03\x03\x03\x03\x03\x03\x03\x03\x03\x03\x03\x03\x03\x03\x03\x03\x03\x03\x03\x03\x03\x03\x03" +
	"\x03\x03\x03\x03\x03\x03\x03\x03\x03\x03\x03\x03\x03\x03\x03\x03\x03\x03\x03\x03\x03\x03\x03\x03\x03\x03\x03\x03\x03\x03\x03\x03" +
	"\x03\x03\x03\x03\x03\x03\x03\x03\x03\x03\x03\x03\x03\x03\x03\x03\x03\x03\x03\x03\x03\x03\x03\x03\x03\x03\x03\x03\x03\x03\x03\x00" +
	"\x00\x00\x00\x00\x00\x00\x00\x00\x00\x00\x00\x00\x00\x00\x00\x00\x00\x00\x00\x00\x00\x00\x00\x00\x00\x00\x00\x00\x00\x00\x00\x00" +
	"\x00\x00\x00\x00\x00\x00\x00\x00\x00\x00\x00\x00\x00\x00\x00\x00\x00\x00\x00\x00\x00\x00\x00\x00\x00\x00\x00\x00\x00\x00\x00\x00" +
	"\x00\x00\x00\x00\x00\x00\x00\x00\x00\x00\x00\x00\x00\x00\x00\x00\x00\x00\x00\x00\x00\x00\x00\x00\x00\x00\x00\x00\x00\x00\x00\x00" +
	"\x00\x00\x00\x00\x00\x00\x00\x00\x00\x00\x00\x00\x00\x00\x00\x00\x00\x00\x00\x00\x00\x00\x00\x00\x00\x00\x00\x00\x00\x00\x00\x00" +
	"\x00\x00\x00\x00\x00\x00\x00\x00\x00\x00\x00\x00\x00\x00\x00\x00\x00\x00\x00\x00\x00\x00\x00\x00\x00\x00\x00\x00\x00\x00\x00\x00" +
	"\x00\x00\x00\x00\x00\x00\x00\x00\x00\x00\x00\x00\x00\x00\x00\x00\x00\x00\x00\x00\x00\x00\x00\x00\x00\x00\x00\x00\x00\x00\x00\x00" +
	"\x00\x00\x00\x00\x00\x00\x00\x00\x00\x00\x00\x00\x00\x00\x00\x00\x00\x00\x00\x00\x00\x00\x00\x00\x00\x00\x00\x00\x00\x00\x00\x00" +
	"\x00\x00\x00\x00\x00\x00\x00\x00\x00\x00\x00\x00\x00\x00\x00\x00\x00\x00\x00\x00\x00\x00\x00\x00\x00\x00\x00\x00\x00\x00\x00\x00" +
	"\x00\x00\x00\x00\x00\x00\x00\x00\x00\x00\x00\x00\x00\x00\x00\x00\x00\x00\x00\x00\x00\x00\x00\x00\x00\x00\x00\x00\x00\x00\x00\x00" +
	"\x00\x00\x00\x00\x00\x00\x00\x00\x00\x00\x00\x00\x00\x00\x00\x00\x00\x00\x00\x00\x00\x00\x00\x00\x00\x00\x00\x00\x00\x00\x00\x00" +
	"\x00\x00\x00\x00\x00\x00\x00\x00\x00\x00\x00\x00\x00\x00\x00\x00\x00\x00\x00\x00\x00\x00\x00\x00\x00\x00\x00\x00\x00\x00\x00\x00" +
	"\x00\x00\x00\x00\x00\x00\x00\x00\x00\x00\x00\x00\x00\x00\x00\x00\x00\x00\x00\x00\x00\x00\x00\x00\x00\x00\x00\x00\x00\x00\x00\x00" +
	"\x00\x00\x00\x00\x00\x00\x00\x00\x00\x00\x00\x00\x00\x00\x00\x00\x00\x00\x00\x00\x00\x00\x00\x00\x00\x00\x00\x00\x00\x00\x00\x00" +
	"\x00\x00\x00\x00\x00\x00\x00\x00\x00\x00\x00\x00\x00\x00\x00\x00\x00\x00\x00\x00\x00\x00\x00\x00\x00\x00\x00\x00\x00\x00\x00\x00" +
	"\x00\x00\x00\x00\x00\x00\x00\x00\x00\x00\x00\x00\x00\x00\x00\x00\x00\x00\x00\x00\x00\x00\x00\x00\x00\x00\x00\x00\x00\x00\x00\x00" +
	"\x00\x00\x00\x00\x00\x00\x00\x00\x00\x00\x00\x00\x00\x00\x00\x00\x00\x00\x00\x00\x00\x00\x00\x00\x00\x00\x00\x00\x00\x00\x00\x00" +
	"\x00\x00\x00\x00\x00\x00\x00\x00\x00\x00\x00\x00\x00\x00\x00\x00\x00\x00\x00\x00\x00\x00\x00\x00\x00\x00\x00\x00\x00\x00\x00\x00" +
	"\x00\x00\x00\x00\x00\x00\x00\x00\x00\x00\x00\x00\x00\x00\x00\x00\x00\x00\x00\x00\x00\x00\x00\x00\x00\x00\x00\x00\x00\x00\x00\x00" +
	"\x00\x00\x00\x00\x00\x00\x00\x00\x00\x00\x00\x00\x00\x00\x00\x00\x00\x00\x00\x00\x00\x00\x00\x00\x00\x00\x00\x00\x00\x00\x00\x00" +
	"\x00\x00\x00\x00\x00\x00\x00\x00\x00\x00\x00\x00\x00\x00\x00\x00\x00\x00\x00\x00\x00\x00\x00\x00\x00\x00\x00\x00\x00\x00\x00\x00" +
	"\x00\x00\x00\x00\x00\x00\x00\x00\x00\x00\x00\x00\x00\x00\x00\x00\x00\x00\x00\x00\x00\x00\x00\x00\x00\x00\x00\x00\x00\x00\x00\x00" +
	"\x00\x00\x00\x00\x00\x00\x00\x00\x00\x00\x00\x00\x00\x00\x00\x00\x00\x00\x00\x00\x00\x00\x00\x00\x00\x00\x00\x00\x00\x00\x00\x00" +
	"\x00\x00\x00\x00\x00\x00\x00\x00\x00\x00\x00\x00\x00\x00\x00\x00\x00\x00\x00\x00\x00\x00\x00\x00\x00\x00\x00\x00\x00\x00\x00\x00" +
	"\x00\x00\x00\x00\x00\x00\x00\x00\x00\x00\x00\x00\x00\x00\x00\x00\x00\x00\x00\x00\x00\x00\x00\x00\x00\x00\x00\x00\x00\x00\x00\x00" +
	"\x00\x00\x00\x00\x00\x00\x00\x00\x00\x00\x00\x00\x00\x00\x00\x00\x00\x00\x00\x00\x00\x00\x00\x00\x00\x00\x00\x00\x00\x00\x00\x00" +
	"\x00\x00\x00\x00\x00\x00\x00\x00\x00\x00\x00\x00\x00\x00\x00\x00\x00\x00\x00\x00\x00\x00\x00\x00\x00\x00\x00\x00\x00\x00\x00\x00" +
	"\x00\x00\x00\x00\x00\x00\x00\x00\x00\x00\x00\x00\x00\x00\x00\x00\x00\x00\x00\x00\x00\x00\x00\x00\x00\x00\x00\x00\x00\x00\x00\x00" +
	"\x00\x00\x00\x00\x00\x00\x00\x00\x00\x00\x00\x00\x00\x00\x00\x00\x00\x00\x00\x00\x00\x00\x00\x00\x00\x00\x00\x00\x00\x00\x00\x00" +
	"\x00\x00\x00\x00\x00\x00\x00\x00\x00\x00\x00\x00\x00\x00\x00\x00\x00\x00\x00\x00\x00\x00\x00\x00\x00\x00\x00\x00\x00\x00\x00\x00" +
	"\x00\x00\x00\x00\x00\x00\x00\x00\x00\x00\x00\x00\x00\x00\x00\x00\x00\x00\x00\x00\x00\x00\x00\x00\x00\x00\x00\x00\x00\x00\x00\x00" +
	"\x00\x00\x00\x00\x00\x00\x00\x00\x00\x00\x00\x00\x00\x00\x00\x00\x00\x00\x00\x00\x00\x00\x00\x00\x00\x00\x00\x00\x00\x00\x00\x00" +
	"\x00\x00\x00\x00\x00\x00\x00\x00\x00\x00\x00\x00\x00\x00\x00\x00\x00\x00\x00\x00\x00\x00\x00\x00\x00\x00\x00\x00\x00\x00\x00\x00" +
	"\x00\x00\x00\x00\x00\x00\x00\x00\x00\x00\x00\x00\x00\x00\x00\x00\x00\x00\x00\x00\x00\x00\x00\x00\x00\x00\x00\x00\x00\x00\x00\x00" +
	"\x00\x00\x00\x00\x00\x00\x00\x00\x00\x00\x00\x00\x00\x00\x00\x00\x00\x00\x00\x00\x00\x00\x00\x00\x00\x00\x00\x00\x00\x00\x00\x00" +
	"\x00\x00\x00\x00\x00\x00\x00\x00\x00\x00\x00\x00\x00\x00\x00\x00\x00\x00\x00\x00\x00\x00\x00\x00\x00\x00\x00\x00\x00\x00\x00\x00" +
	"\x00\x00\x00\x00\x00\x00\x00\x00\x00\x00\x00\x00\x00\x00\x00\x00\x00\x00\x00\x00\x00\x00\x00\x00\x00\x00\x00\x00\x00\x00\x00\x00" +
	"\x00\x00\x00\x00\x00\x00\x00\x00\x00\x00\x00\x00\x00\x00\x00\x00\x00\x00\x00\x00\x00\x00\x00\x00\x00\x00\x00\x00\x00\x00\x00\x00" +
	"\x00\x00\x00\x00\x00\x00\x00\x00\x00\x00\x00\x00\x00\x00\x00\x00\x00\x00\x00\x00\x00\x00\x00\x00\x00\x00\x00\x00\x00\x00\x00\x00" +
	"\x00\x00\x00\x00\x00\x00\x00\x00\x00\x00\x00\x00\x00\x00\x00\x00\x00\x00\x00\x00\x00\x00\x00\x00\x00\x00\x00\x00\x00\x00\x00\x00" +
	"\x00\x00\x00\x00\x00\x00\x00\x00\x00\x00\x00\x00\x00\x00\x00\x00\x00\x00\x00\x00\x00\x00\x00\x00\x00\x00\x00\x00\x00\x00\x00\x00" +
	"\x00\x00\x00\x00\x00\x00\x00\x00\x00\x00\x00\x00\x00\x00\x00\x00\x0b\x16\x03\x20\x20\x20\x20\x20\x20\x20\x20\x02\x02\x02\x02\x02" +
	"\x02\x02\x02\x00\x00\x00\x00\x00\x00\x00\x00\x03\x03\x03\x03\x03\x03\x03\x03\x03\x03\x03\x03\x03\x03\x03\x03\x03\x03\x03\x03\x03" +
	"\x03\x03\x03\x03\x03\x03\x03\x03\x03\x03\x03\x03\x03\x03\x03\x03\x03\x03\x03\x03\x03\x03\x03\x03\x03\x03\x03\x03\x03\x03\x03\x03" +
	"\x03\x03\x03\x03\x03\x03\x03\x03\x03\x03\x03\x03\x03\x03\x03\x03\x03\x03\x03\x03\x03\x03\x03\x03\x03\x03\x03\x03\x03\x03\x03\x03" +
	"\x03\x03\x03\x03\x03\x03\x03\x03\x03\x03\x03\x03\x03\x03\x03\x03\x03\x03\x03\x03\x03\x03\x03\x03\x03\x03\x03\x03\x03\x03\x03\x03" +
	"\x03\x03\x03\x03\x03\x03\x03\x03\x03\x03\x03\x04\x04\x04\x04\x04\x04\x04\x04\x04\x04\x04\x04\x04\x04\x04\x04\x04\x04\x04\x04\x04" +
	"\x04\x04\x04\x04\x04\x04\x04\x04\x04\x04\x04\x03\x03\x03\x03\x03\x03\x03\x03\x03\x03\x03\x03\x03\x03\x03\x03\x03\x03\x03\x03\x03" +
	"\x03\x03\x03\x03\x03\x03\x03\x03\x03\x03\x03\x03\x03\x03\x03\x03\x03\x03\x03\x03\x03\x03\x03\x03\x03\x03\x03\x03\x03\x03\x03\x03" +
	"\x03\x03\x03\x03\x03\x03\x03\x03\x03\x03\x03\x03\x03\x03\x03\x03\x03\x03\x03\x03\x03\x03\x03\x03\x03\x03\x03\x03\x03\x03\x03\x03" +
	"\x03\x03\x03\x03\x03\x03\x03\x03\x03\x03\x03\x03\x03\x03\x03\x03\x03\x03\x03\x03\x03\x03\x03\x03\x03\x03\x03\x03\x03\x03\x03\x03" +
	"\x03\x03\x03\x03\x03\x03\x03\x03\x03\x03\x03\x03\x03\x03\x03\x03\x03\x03\x03\x03\x03\x03\x03\x03\x03\x03\x03\x03\x03\x03\x03\x03" +
	"\x03\x03\x03\x03\x03\x03\x03\x03\x03\x03\x03\x05\x05\x05\x05\x05\x05\x05\x05\x05\x05\x05\x05\x05\x05\x05\x05\x05\x05\x05\x05\x05" +
	"\x05\x05\x05\x05\x05\x05\x05\x05\x05\x05\x05\x03\x03\x03\x03\x03\x03\x03\x03\x03\x03\x03\x03\x03\x03\x03\x03\x03\x03\x03\x03\x03" +
	"\x03\x03\x03\x03\x03\x03\x03\x03\x03\x03\x03\x03\x03\x03\x03\x03\x03\x03\x03\x03\x03\x03\x03\x03\x03\x03\x03\x03\x03\x03\x03\x03" +
	"\x03\x03\x03\x03\x03\x03\x03\x03\x03\x03\x03\x21\x21\x21\x21\x21\x21\x21\x21\x16\x16\x16\x16\x16\x16\x16\x16\x16\x16\x16\x16\x16" +
	"\x16\x16\x16\x16\x16\x16\x16\x00\x00\x00\x00\x00\x00\x00\x00\x00\x00\x00\x00\x00\x00\x00\x00\x00\x00\x00\x00\x00\x00\x00\x00\x00" +
	"\x00\x00\x00\x00\x00\x00\x00\x00\x00\x00\x00\x00\x00\x00\x00\x00\x00\x00\x00\x00\x00\x00\x00\x00\x00\x00\x00\x00\x00\x00\x00\x00" +
	"\x00\x00\x00\x00\x00\x00\x00\x00\x00\x00\x00\x00\x00\x00\x00\x00\x00\x00\x00\x00\x00\x00\x00\x03\x03\x03\x03\x03\x03\x03\x03\x03" +
	"\x03\x03\x03\x03\x03\x03\x03\x03\x03\x03\x03\x03\x03\x03\x03\x03\x03\x03\x03\x03\x03\x03\x03\x04\x04\x04\x04\x04\x04\x04\x04\x03" +
	"\x03\x03\x03\x03\x03\x03\x03\x03\x03\x03\x03\x03\x03\x03\x03\x03\x03\x03\x03\x03\x03\x03\x03\x03\x03\x03\x03\x03\x03\x03\x03\x03" +
	"\x03\x03\x03\x03\x03\x03\x03\x05\x05\x05\x05\x05\x05\x05\x05\x22\x22\x22\x22\x22\x22\x22\x22\x22\x22\x22\x22\x22\x22\x22\x22\x22" +
	"\x22\x22\x22\x22\x22\x22\x22\x22\x22\x22\x22\x22\x22\x22\x22\x22\x22\x22\x22\x22\x22\x22\x22\x22\x22\x22\x22\x22\x22\x22\x22\x22" +
	"\x22\x22\x22\x22\x22\x22\x22\x22\x22\x22\x22\x22\x22\x22\x22\x22\x22\x22\x22\x22\x22\x22\x22\x22\x22\x22\x22\x22\x22\x22\x22\x22" +
	"\x22\x22\x22\x22\x22\x22\x22\x22\x22\x22\x22\x22\x22\x22\x22\x22\x22\x22\x22\x22\x22\x22\x22\x22\x22\x22\x22\x22\x22\x22\x22\x22" +
	"\x22\x22\x22\x22\x22\x22\x22\x22\x22\x22\x22\x22\x22\x22\x22\x22\x22\x22\x22\x22\x22\x22\x22\x22\x22\x22\x22\x22\x22\x22\x22\x22" +
	"\x22\x22\x22\x22\x22\x22\x22\x22\x22\x22\x22\x22\x22\x22\x22\x22\x22\x22\x22\x22\x22\x22\x22\x22\x22\x22\x22\x22\x22\x22\x22\x22" +
	"\x22\x22\x22\x22\x22\x22\x22\x22\x22\x22\x22\x22\x22\x22\x22\x22\x22\x22\x22\x22\x22\x22\x22\x22\x22\x22\x22\x22\x22\x22\x22\x22" +
	"\x22\x22\x22\x22\x22\x22\x22\x22\x22\x22\x22\x22\x22\x22\x22\x22\x22\x22\x22\x22\x22\x22\x22\x22\x22\x22\x22\x22\x22\x22\x22\x22" +
	"\x22\x22\x22\x22\x22\x22\x22\x22\x22\x22\x22\x22\x22\x22\x22\x23\x23\x23\x23\x23\x23\x23\x23\x23\x23\x23\x23\x23\x23\x23\x23\x23" +
	"\x23\x23\x23\x23\x23\x23\x23\x23\x23\x23\x23\x23\x23\x23\x23\x23\x23\x23\x23\x23\x23\x23\x23\x23\x23\x23\x23\x23\x23\x23\x23\x23" +
	"\x23\x23\x23\x23\x23\x23\x23\x23\x23\x23\x23\x23\x23\x23\x23\x22\x22\x22\x22\x22\x22\x22\x22\x22\x22\x22\x22\x22\x22\x22\x22\x22" +
	"\x22\x22\x22\x22\x22\x22\x22\x22\x22\x22\x22\x22\x22\x22\x22\x22\x22\x22\x22\x22\x22\x22\x22\x22\x22\x22\x22\x22\x22\x22\x22\x22" +
	"\x22\x22\x22\x22\x22\x22\x22\x22\x22\x22\x22\x22\x22\x22\x22\x22\x22\x22\x22\x22\x22\x22\x22\x22\x22\x22\x22\x22\x22\x22\x22\x22" +
	"\x22\x22\x22\x22\x22\x22\x22\x22\x22\x22\x22\x22\x22\x22\x22\x22\x22\x22\x22\x22\x22\x22\x22\x22\x22\x22\x22\x22\x22\x22\x22\x22" +
	"\x22\x22\x22\x22\x22\x22\x22\x22\x22\x22\x22\x22\x22\x22\x22\x22\x22\x22\x22\x22\x22\x22\x22\x22\x22\x22\x22\x22\x22\x22\x22\x22" +
	"\x22\x22\x22\x22\x22\x22\x22\x22\x22\x22\x22\x22\x22\x22\x22\x22\x22\x22\x22\x22\x22\x22\x22\x22\x22\x22\x22\x22\x22\x22\x22\x22" +
	"\x22\x22\x22\x22\x22\x22\x22\x22\x22\x22\x22\x22\x22\x22\x22\x24\x24\x24\x24\x24\x24\x24\x24\x24\x24\x24\x24\x24\x24\x24\x24\x24" +
	"\x24\x24\x24\x24\x24\x24\x24\x24\x24\x24\x24\x24\x24\x24\x24\x24\x24\x24\x24\x24\x24\x24\x24\x24\x24\x24\x24\x24\x24\x24\x24\x24" +
	"\x24\x24\x24\x24\x24\x24\x24\x24\x24\x24\x24\x24\x24\x24\x24\x24\x24\x24\x24\x24\x24\x24\x24\x24\x24\x24\x24\x24\x24\x24\x24\x24" +
	"\x24\x24\x24\x24\x24\x24\x24\x24\x24\x24\x24\x24\x24\x24\x24\x24\x24\x24\x24\x24\x24\x24\x24\x24\x24\x24\x24\x24\x24\x24\x24\x24" +
	"\x24\x24\x24\x24\x24\x24\x24\x24\x24\x24\x24\x24\x24\x24\x24\x22\x22\x22\x22\x22\x22\x22\x22\x22\x22\x22\x22\x22\x22\x22\x22\x22" +
	"\x22\x22\x22\x22\x22\x22\x22\x22\x22\x22\x22\x22\x22\x22\x22\x22\x22\x22\x22\x22\x22\x22\x22\x22\x22\x22\x22\x22\x22\x22\x22\x22" +
	"\x22\x22\x22\x22\x22\x22\x22\x22\x22\x22\x22\x22\x22\x22\x22\x22\x22\x22\x22\x22\x22\x22\x22\x22\x22\x22\x22\x22\x22\x22\x22\x22" +
	"\x22\x22\x22\x22\x22\x22\x22\x22\x22\x22\x22\x22\x22\x22\x22\x22\x22\x22\x22\x22\x22\x22\x22\x22\x22\x22\x22\x22\x22\x22\x22\x22" +
	"\x22\x22\x22\x22\x22\x22\x22\x22\x22\x22\x22\x22\x22\x22\x22\x25\x25\x25\x25\x25\x25\x25\x25\x25\x25\x25\x25\x25\x25\x25\x25\x25" +
	"\x25\x25\x25\x25\x25\x25\x25\x25\x25\x25\x25\x25\x25\x25\x25\x25\x25\x25\x25\x25\x25\x25\x25\x25\x25\x25\x25\x25\x25\x25\x25\x25" +
	"\x25\x25\x25\x25\x25\x25\x25\x25\x25\x25\x25\x25\x25\x25\x25\x22\x22\x22\x22\x22\x22\x22\x22\x22\x22\x22\x22\x22\x22\x22\x22\x22" +
	"\x22\x22\x22\x22\x22\x22\x22\x22\x22\x22\x22\x22\x22\x22\x22\x23\x23\x23\x23\x23\x23\x23\x23\x22\x22\x22\x22\x22\x22\x22\x22\x22" +
	"\x22\x22\x22\x22\x22\x22\x22\x22\x22\x22\x22\x22\x22\x22\x22\x22\x22\x22\x22\x22\x22\x22\x22\x22\x22\x22\x22\x22\x22\x22\x22\x24" +
	"\x24\x24\x24\x24\x24\x24\x24\x24\x24\x24\x24\x24\x24\x24\x24\x25\x25\x25\x25\x25\x25\x25\x25\x00\x00\x00\x00\x00\x00\x00\x00\x00" +
	"\x00\x00\x00\x00\x00\x00\x00\x00\x00\x00\x00\x00\x00\x00\x00\x00\x00\x1b\x1b\x1b\x1b\x1b\x1b\x1b\x1b\x1b\x1b\x1b\x1b\x1b\x1b\x1b" +
	"\x1b\x1b\x1b\x1b\x1b\x1b\x1b\x1b\x1b\x1b\x1b\x1b\x1b\x1b\x1b\x1b\x1b\x1b\x1b\x1b\x1b\x1b\x1b\x1b\x1b\x1b\x1b\x1b\x1b\x1b\x1b\x1b" +
	"\x1b\x1b\x1b\x1b\x1b\x1b\x1b\x1b\x1b\x1b\x1b\x1b\x1b\x1b\x1b\x1b\x1b\x03\x03\x03\x03\x03\x03\x03\x03\x03\x03\x04\x04\x03\x03\x03" +
	"\x03\x03\x03\x03\x03\x05\x05\x00\x00\x0b\x0b\x03\x03\x03\x03\x03\x03\x03\x03\x03\x03\x00\x00\x00\x00\x00\x00\x00\x00\x00\x00\x00" +
	"\x00\x00\x00\x00\x00\x00\x00\x00\x00\x00\x00\x00\x00\x26\x26\x26\x26\x26\x26\x26\x26\x14\x26\x1a\x1a\x1a\x1a\x1a\x1a\x1a\x1a\x1a" +
	"\x1a\x1a\x1a\x1a\x1a\x1a\x1a\x27\x02\x01\x01\x01\x01\x01\x01\x01\x01\x01\x01\x01\x01\x01\x01\x01\x01\x03\x03\x03\x03\x03\x03\x03" +
	"\x03\x03\x03\x03\x03\x03\x03\x03\x03\x03\x03\x03\x03\x03\x03\x03\x03\x03\x03\x03\x03\x03\x03\x03\x03\x03\x03\x28\x29\x2a\x2b\x2b" +
	"\x2b\x2b\x2b\x2b\x03\x03\x03\x03\x03\x03\x03\x03\x03\x03\x14\x14\x14\x03\x03\x03\x03\x03\x03\x03\x03\x1a\x1a\x1a\x1a\x1a\x1a\x1a" +
	"\x00\x00\x00\x00\x00\x00\x00\x00\x00\x00\x00\x00\x00\x00\x00\x00\x00\x00\x00\x00\x00\x00\x00\x00\x00\x00\x00\x00\x00\x00\x00\x00" +
	"\x00\x00\x00\x00\x00\x00\x00\x00\x00\x00\x00\x00\x00\x00\x00\x00\x00\x00\x00\x00\x00\x00\x00\x00\x00\x00\x00\x00\x00\x00\x00\x00" +
	"\x14\x14\x14\x14\x14\x14\x14\x14\x14\x14\x14\x14\x14\x14\x14\x14\x03\x03\x03\x03\x03\x03\x03\x03\x03\x03\x03\x03\x03\x03\x03\x03" +
	"\x03\x03\x03\x03\x03\x03\x03\x03\x03\x03\x03\x03\x03\x03\x03\x03\x03\x03\x03\x03\x03\x03\x03\x03\x03\x03\x03\x03\x03\x03\x03\x03" +
	"\x03\x03\x03\x03\x03\x03\x03\x03\x03\x03\x03\x03\x03\x03\x03\x03\x03\x03\x03\x03\x03\x03\x03\x03\x03\x03\x03\x03\x03\x03\x03\x03" +
	"\x03\x03\x03\x03\x03\x03\x03\x03\x03\x03\x03\x03\x03\x03\x03\x03\x03\x03\x03\x03\x03\x03\x03\x03\x03\x03\x03\x03\x03\x03\x03\x03" +
	"\x03\x03\x03\x03\x03\x03\x03\x03\x03\x03\x03\x03\x03\x03\x03\x03\x03\x03\x03\x03\x03\x03\x03\x03\x03\x03\x03\x03\x03\x03\x03\x03" +
	"\x03\x03\x03\x03\x03\x03\x03\x03\x03\x03\x03\x03\x03\x03\x03\x03\x03\x03\x03\x03\x03\x03\x03\x03\x03\x03\x03\x03\x03\x03\x03\x03" +
	"\x03\x03\x03\x03\x03\x03\x03\x03\x03\x03\x03\x03\x03\x03\x03\x03\x03\x03\x03\x03\x03\x03\x03\x03\x03\x03\x03\x03\x03\x03\x03\x03" +
	"\x03\x03\x03\x03\x03\x03\x03\x03\x03\x03\x03\x03\x03\x03\x03\x03\x03\x03\x03\x03\x03\x03\x03\x03\x03\x03\x03\x03\x03\x03\x03\x03" +
	"\x03\x03\x03\x03\x03\x03\x03\x03\x03\x03\x03\x03\x03\x03\x03\x03\x03\x03\x03\x03\x03\x03\x03\x03\x03\x03\x03\x03\x03\x03\x03\x03" +
	"\x03\x03\x03\x03\x03\x03\x03\x03\x03\x03\x03\x03\x03\x03\x03\x03\x03\x03\x03\x03\x03\x03\x03\x03\x03\x03\x03\x03\x03\x03\x03\x03" +
	"\x03\x03\x03\x03\x03\x03\x03\x03\x03\x03\x03\x03\x03\x03\x03\x03\x04\x04\x04\x04\x04\x04\x04\x04\x04\x04\x04\x04\x04\x04\x04\x04" +
	"\x04\x04\x04\x04\x04\x04\x04\x04\x04\x04\x04\x04\x04\x04\x04\x04\x04\x04\x04\x04\x04\x04\x04\x04\x04\x04\x04\x04\x04\x04\x04\x04" +
	"\x04\x04\x04\x04\x04\x04\x04\x04\x04\x04\x04\x04\x04\x04\x04\x04\x03\x03\x03\x03\x03\x03\x03\x03\x03\x03\x03\x03\x03\x03\x03\x03" +
	"\x03\x03\x03\x03\x03\x03\x03\x03\x03\x03\x03\x03\x03\x03\x03\x03\x03\x03\x03\x03\x03\x03\x03\x03\x03\x03\x03\x03\x03\x03\x03\x03" +
	"\x03\x03\x03\x03\x03\x03\x03\x03\x03\x03\x03\x03\x03\x03\x03\x03\x03\x03\x03\x03\x03\x03\x03\x03\x03\x03\x03\x03\x03\x03\x03\x03" +
	"\x03\x03\x03\x03\x03\x03\x03\x03\x03\x03\x03\x03\x03\x03\x03\x03\x03\x03\x03\x03\x03\x03\x03\x03\x03\x03\x03\x03\x03\x03\x03\x03" +
	"\x03\x03\x03\x03\x03\x03\x03\x03\x03\x03\x03\x03\x03\x03\x03\x03\x03\x03\x03\x03\x03\x03\x03\x03\x03\x03\x03\x03\x03\x03\x03\x03" +
	"\x03\x03\x03\x03\x03\x03\x03\x03\x03\x03\x03\x03\x03\x03\x03\x03\x03\x03\x03\x03\x03\x03\x03\x03\x03\x03\x03\x03\x03\x03\x03\x03" +
	"\x03\x03\x03\x03\x03\x03\x03\x03\x03\x03\x03\x03\x03\x03\x03\x03\x03\x03\x03\x03\x03\x03\x03\x03\x03\x03\x03\x03\x03\x03\x03\x03" +
	"\x03\x03\x03\x03\x03\x03\x03\x03\x03\x03\x03\x03\x03\x03\x03\x03\x03\x03\x03\x03\x03\x03\x03\x03\x03\x03\x03\x03\x03\x03\x03\x03" +
	"\x03\x03\x03\x03\x03\x03\x03\x03\x03\x03\x03\x03\x03\x03\x03\x03\x05\x05\x05\x05\x05\x05\x05\x05\x05\x05\x05\x05\x05\x05\x05\x05" +
	"\x05\x05\x05\x05\x05\x05\x05\x05\x05\x05\x05\x05\x05\x05\x05\x05\x05\x05\x05\x05\x05\x05\x05\x05\x05\x05\x05\x05\x05\x05\x05\x05" +
	"\x05\x05\x05\x05\x05\x05\x05\x05\x05\x05\x05\x05\x05\x05\x05\x05\x00\x00\x00\x00\x2c\x2d\x00\x00\x00\x00\x00\x00\x03\x03\x03\x03" +
	"\x03\x03\x03\x03\x03\x03\x03\x03\x03\x03\x03\x03\x03\x03\x03\x03\x03\x03\x03\x03\x03\x03\x03\x03\x03\x03\x03\x03\x03\x03\x03\x03" +
	"\x03\x03\x03\x03\x03\x03\x03\x03\x03\x03\x03\x03\x03\x03\x03\x03\x03\x03\x03\x03\x03\x03\x03\x03\x03\x03\x03\x03\x03\x03\x03\x03" +
	"\x03\x03\x03\x03\x03\x03\x03\x03\x03\x03\x03\x03\x03\x03\x03\x03\x03\x03\x03\x03\x03\x03\x03\x03\x03\x03\x03\x03\x03\x03\x03\x03" +
	"\x03\x03\x03\x03\x03\x03\x03\x03\x03\x03\x03\x03\x03\x03\x03\x03\x03\x03\x03\x03\x03\x03\x03\x03\x03\x03\x03\x03\x03\x03\x03\x03" +
	"\x03\x03\x03\x03\x03\x03\x03\x03\x03\x03\x03\x03\x03\x03\x03\x03\x03\x03\x03\x03\x03\x03\x03\x03\x03\x03\x03\x03\x03\x03\x03\x03" +
	"\x03\x03\x03\x03\x03\x03\x03\x03\x03\x03\x03\x03\x03\x03\x03\x03\x03\x03\x03\x03\x03\x03\x03\x03\x03\x03\x03\x03\x1b\x1b\x1b\x1b" +
	"\x1b\x1b\x1b\x1b\x1b\x1b\x1b\x1b\x1b\x1b\x1b\x1b\x1b\x1b\x1b\x1b\x1b\x1b\x1b\x1b\x1b\x1b\x1b\x1b\x1b\x1b\x1b\x1b\x2e\x2e\x2e\x2e" +
	"\x2e\x2e\x2e\x2e\x2e\x2e\x2e\x2e\x2e\x2e\x2e\x2e\x2e\x2e\x2e\x2e\x2e\x2e\x2e\x2e\x2e\x2e\x2e\x2e\x2e\x2e\x2e\x2e\x2e\x2e\x2e\x2e" +
	"\x2e\x2e\x2e\x2e\x2e\x2e\x2e\x2e\x2e\x2e\x2e\x2e\x2e\x2e\x2e\x2e\x2e\x2e\x2e\x2e\x2e\x2e\x2e\x2e\x2e\x2e\x2e\x2e\x2e\x2e\x2e\x2e" +
	"\x2e\x2e\x2e\x2e\x2e\x2e\x2e\x2e\x2e\x2e\x2e\x2e\x2e\x2e\x2e\x2e\x2e\x2e\x2e\x2e\x2e\x2e\x2e\x2e\x2e\x2e\x2e\x2e\x2e\x2e\x2e\x2e" +
	"\x2e\x2e\x2e\x2e\x2e\x2e\x2e\x2e\x2e\x2e\x2e\x2e\x2e\x2e\x2e\x2e\x2e\x2e\x2e\x2e\x2e\x2e\x2e\x2e\x2e\x2e\x2e\x2e\x2e\x2e\x2e\x2e" +
	"\x2e\x2e\x2e\x2e\x2e\x2e\x2e\x2e\x2e\x2e\x2e\x2e\x2e\x2e\x2e\x2e\x2e\x2e\x2e\x2e\x2e\x2e\x2e\x2e\x2e\x2e\x2e\x2e\x2e\x2e\x2e\x2e" +
	"\x2e\x2e\x2e\x2e\x2e\x2e\x2e\x2e\x2e\x2e\x2e\x2e\x2e\x2e\x2e\x2e\x2e\x2e\x2e\x2e\x2e\x2e\x2e\x2e\x2e\x2e\x2e\x2e\x2e\x2e\x2e\x2e" +
	"\x2e\x2e\x2e\x2e\x2e\x2e\x2e\x2e\x2e\x2e\x2e\x2e\x2e\x2e\x2e\x2e\x2e\x2e\x2e\x2e\x2e\x2e\x2e\x2e\x2e\x2e\x2e\x2e\x2e\x2e\x2e\x2e" +
	"\x2e\x2e\x2e\x2e\x2e\x2e\x2e\x2e\x2e\x2e\x2e\x2e\x2e\x2e\x2e\x2e\x2e\x2e\x2e\x2e\x2e\x2e\x2e\x2e\x2e\x2e\x2e\x2e\x2f\x2f\x2f\x2f" +
	"\x2f\x2f\x2f\x2f\x2f\x2f\x2f\x2f\x2f\x2f\x2f\x2f\x2f\x2f\x2f\x2f\x2f\x2f\x2f\x2f\x2f\x2f\x2f\x2f\x2f\x2f\x2f\x2f\x2f\x2f\x2f\x2f" +
	"\x2f\x2f\x2f\x2f\x2f\x2f\x2f\x2f\x2f\x2f\x2f\x2f\x2f\x2f\x2f\x2f\x2f\x2f\x14\x14\x14\x14\x14\x14\x14\x14\x14\x14\x14\x14\x14\x14" +
	"\x14\x14\x14\x14\x14\x14\x14\x14\x14\x14\x14\x14\x14\x14\x14\x14\x14\x14\x03\x03\x03\x03\x03\x03\x03\x03\x03\x03\x30\x30\x30\x30" +
	"\x30\x30\x30\x30\x30\x30\x30\x30\x30\x30\x30\x30\x31\x31\x31\x31\x31\x31\x31\x31\x31\x31\x31\x31\x31\x31\x31\x31\x31\x31\x31\x31" +
	"\x31\x31\x31\x31\x31\x31\x31\x31\x31\x31\x31\x31\x32\x32\x32\x32\x32\x32\x32\x32\x32\x32\x32\x32\x32\x32\x32\x32\x32\x32\x32\x32" +
	"\x32\x32\x32\x32\x32\x32\x32\x32\x32\x32\x32\x32\x32\x32\x32\x32\x32\x32\x32\x32\x32\x32\x32\x32\x32\x32\x32\x32\x32\x32\x32\x32" +
	"\x32\x32\x32\x32\x32\x32\x32\x32\x32\x32\x32\x32\x32\x32\x32\x32\x32\x32\x32\x32\x32\x32\x32\x32\x32\x32\x32\x32\x32\x32\x32\x32" +
	"\x32\x32\x32\x32\x32\x32\x32\x32\x32\x32\x32\x32\x32\x32\x32\x32\x32\x32\x32\x32\x32\x32\x32\x32\x32\x32\x32\x32\x32\x32\x32\x32" +
	"\x32\x32\x32\x32\x32\x32\x32\x32\x32\x32\x32\x32\x33\x33\x33\x33\x33\x33\x33\x33\x33\x33\x33\x33\x33\x33\x33\x33\x33\x33\x33\x33" +
	"\x33\x33\x33\x33\x33\x33\x33\x33\x33\x33\x33\x33\x33\x33\x33\x33\x33\x33\x33\x33\x33\x33\x33\x33\x33\x33\x33\x33\x33\x33\x33\x33" +
	"\x33\x33\x33\x33\x33\x33\x33\x33\x33\x33\x33\x33\x33\x33\x33\x33\x33\x33\x33\x33\x33\x33\x33\x33\x33\x33\x33\x33\x33\x33\x33\x33" +
	"\x33\x33\x33\x33\x33\x33\x33\x33\x33\x33\x33\x33\x33\x33\x33\x33\x33\x33\x33\x33\x33\x33\x33\x33\x33\x33\x33\x33\x33\x33\x33\x33" +
	"\x33\x33\x33\x33\x33\x33\x33\x33\x33\x33\x33\x33\x03\x03\x03\x03\x03\x03\x03\x03\x03\x03\x03\x03\x03\x03\x03\x03\x03\x03\x03\x03" +
	"\x03\x03\x03\x03\x03\x03\x03\x03\x03\x03\x03\x03\x00\x00\x00\x00\x00\x00\x00\x00\x00\x00\x00\x00\x00\x00\x00\x00\x00\x00\x00\x00" +
	"\x00\x00\x00\x00\x00\x00\x00\x00\x00\x00\x00\x00\x00\x00\x00\x00\x00\x00\x00\x00\x00\x00\x00\x00\x00\x00\x00\x00\x00\x00\x00\x00" +
	"\x00\x00\x00\x00\x00\x00\x00\x00\x00\x00\x00\x00\x00\x00\x00\x00\x00\x00\x00\x00\x00\x00\x00\x00\x00\x00\x00\x00\x00\x00\x00\x00" +
	"\x00\x00\x00\x00\x00\x00\x00\x00\x00\x00\x00\x00\x00\x00\x00\x00\x00\x00\x00\x00\x00\x00\x00\x00\x00\x00\x00\x00\x00\x00\x00\x00" +
	"\x00\x00\x00\x00\x00\x00\x00\x00\x00\x00\x00\x00\x00\x00\x00\x00\x00\x00\x00\x00\x00\x00\x00\x00\x00\x00\x00\x00\x00\x00\x00\x00" +
	"\x00\x00\x00\x00\x00\x00\x00\x00\x00\x00\x00\x00\x2d\x2d\x2d\x2d\x2d\x2d\x2d\x2d\x2d\x2d\x2d\x2d\x2d\x2d\x2d\x2d\x2d\x2d\x2d\x2d" +
	"\x2d\x2d\x2d\x2d\x2d\x2d\x2d\x2d\x2d\x2d\x2d\x2d\x2d\x2d\x2d\x2d\x2d\x2d\x2d\x2d\x2d\x2d\x2d\x2d\x2d\x2d\x2d\x2d\x2d\x2d\x2d\x2d" +
	"\x2d\x2d\x2d\x2d\x2d\x2d\x2d\x2d\x2d\x2d\x2d\x2d\x2d\x2d\x2d\x2d\x2d\x2d\x2d\x2d\x2d\x2d\x2d\x2d\x2d\x2d\x2d\x2d\x01\x01\x34\x33" +
	"\x35\x35\x35\x35\x35\x35\x35\x35\x35\x35\x35\x35\x35\x35\x35\x35\x35\x35\x35\x35\x35\x35\x35\x35\x35\x35\x35\x35\x35\x35\x35\x35" +
	"\x35\x35\x35\x35\x35\x35\x35\x35\x35\x35\x35\x35\x35\x35\x35\x35\x35\x35\x35\x35\x35\x35\x35\x35\x35\x35\x35\x35\x35\x35\x35\x35" +
	"\x35\x35\x35\x35\x35\x35\x35\x35\x35\x35\x35\x35\x35\x35\x35\x35\x35\x35\x35\x35\x35\x35\x35\x35\x35\x35\x35\x35\x35\x35\x35\x35" +
	"\x35\x35\x35\x35\x35\x35\x35\x35\x35\x35\x35\x35\x35\x35\x35\x35\x35\x35\x35\x35\x35\x35\x35\x35\x35\x35\x35\x35\x35\x35\x35\x35" +
	"\x35\x35\x35\x35\x35\x35\x35\x35\x35\x35\x35\x35\x35\x35\x35\x35\x35\x35\x35\x35\x35\x35\x35\x35\x35\x35\x35\x35\x35\x35\x35\x35" +
	"\x35\x35\x35\x35\x35\x35\x35\x35\x35\x35\x35\x35\x35\x35\x35\x35\x35\x35\x35\x35\x35\x35\x35\x35\x35\x35\x35\x35\x35\x35\x35\x35" +
	"\x35\x35\x35\x35\x35\x35\x35\x35\x35\x35\x35\x35\x35\x35\x35\x35\x35\x35\x35\x35\x35\x35\x35\x35\x35\x35\x35\x35\x35\x35\x35\x35" +
	"\x35\x35\x35\x35\x35\x35\x35\x35\x35\x35\x35\x35\x35\x35\x35\x35\x35\x35\x35\x35\x35\x35\x35\x35\x35\x35\x35\x35\x35\x35\x35\x35" +
	"\x35\x35\x35\x35\x35\x35\x35\x35\x35\x35\x35\x35\x35\x35\x35\x35\x35\x35\x35\x35\x35\x35\x35\x35\x35\x35\x35\x35\x35\x35\x35\x35" +
	"\x35\x35\x35\x35\x35\x35\x35\x35\x35\x35\x35\x35\x35\x35\x35\x35\x35\x35\x35\x35\x35\x35\x35\x35\x35\x35\x35\x35\x35\x35\x35\x35" +
	"\x35\x35\x35\x35\x35\x35\x35\x35\x35\x35\x35\x35\x35\x35\x35\x35\x35\x35\x35\x35\x35\x35\x35\x35\x35\x35\x35\x35\x35\x35\x35\x35" +
	"\x35\x35\x35\x35\x35\x35\x35\x35\x35\x35\x35\x35\x35\x35\x35\x35\x35\x35\x35\x35\x35\x35\x35\x35\x35\x35\x35\x35\x35\x35\x35\x35" +
	"\x35\x35\x35\x35\x35\x35\x35\x35\x35\x35\x35\x35\x35\x35\x35\x35\x35\x35\x35\x35\x35\x35\x35\x35\x35\x35\x35\x35\x36\x36\x36\x36" +
	"\x36\x36\x36\x36\x36\x36\x36\x36\x36\x36\x36\x36\x36\x36\x36\x36\x36\x36\x36\x36\x36\x36\x36\x36\x36\x36\x36\x36\x36\x36\x36\x36" +
	"\x36\x36\x36\x36\x36\x36\x36\x36\x36\x36\x36\x36\x36\x36\x36\x36\x36\x36\x36\x36\x36\x36\x36\x36\x36\x36\x36\x36\x36\x36\x36\x36" +
	"\x36\x36\x36\x36\x36\x36\x36\x36\x36\x36\x36\x36\x36\x36\x36\x36\x36\x36\x36\x36\x36\x36\x36\x36\x36\x36\x36\x36\x36\x36\x36\x36" +
	"\x36\x36\x36\x36\x36\x36\x36\x36\x36\x36\x36\x36\x36\x37\x37\x37\x37\x00\x00\x00\x00\x00\x00\x00\x00\x00\x00\x00\x00\x00\x00\x00" +
	"\x00\x00\x00\x14\x14\x14\x14\x14\x14\x14\x14\x00\x00\x14\x14\x03\x03\x03\x03\x03\x03\x03\x03\x03\x03\x03\x03\x38\x38\x38\x38\x38" +
	"\x38\x38\x38\x00\x00\x00\x00\x00\x00\x00\x00\x00\x00\x00\x00\x00\x00\x00\x00\x00\x00\x00\x00\x00\x00\x00\x00\x00\x00\x00\x00\x00" +
	"\x00\x00\x00\x00\x00\x00\x00\x00\x00\x00\x00\x00\x00\x00\x00\x00\x00\x00\x00\x00\x00\x00\x00\x00\x00\x00\x00\x00\x00\x00\x00\x00" +
	"\x00\x00\x00\x00\x00\x00\x00\x00\x00\x00\x00\x00\x00\x00\x00\x00\x00\x00\x00\x00\x0b\x00\x00\x00\x00\x00\x00\x00\x00\x03\x03\x03" +
	"\x03\x03\x03\x03\x03\x03\x03\x03\x03\x03\x03\x03\x03\x00\x00\x00\x00\x00\x00\x00\x00\x00\x00\x00\x00\x00\x00\x00\x00\x00\x00\x00" +
	"\x00\x00\x00\x00\x00\x00\x00\x00\x00\x00\x00\x00\x00\x00\x00\x00\x00\x00\x00\x00\x00\x00\x00\x00\x00\x00\x00\x00\x00\x00\x00\x00" +
	"\x00\x00\x00\x00\x00\x00\x00\x00\x00\x00\x00\x00\x00\x00\x00\x00\x00\x00\x00\x00\x00\x00\x00\x00\x00\x00\x00\x00\x00\x00\x00\x00" +
	"\x00\x00\x00\x00\x00\x00\x00\x00\x00\x00\x00\x00\x00\x00\x00\x00\x00\x00\x00\x00\x00\x00\x00\x00\x00\x00\x00\x00\x00\x00\x00\x00" +
	"\x00\x00\x00\x00\x00\x00\x00\x00\x00\x00\x00\x00\x00\x16\x03\x03\x03\x03\x03\x03\x03\x03\x03\x03\x03\x03\x03\x03\x03\x03\x03\x03" +
	"\x03\x03\x03\x03\x03\x03\x03\x03\x03\x03\x03\x03\x03\x03\x03\x03\x03\x03\x03\x03\x03\x03\x03\x03\x03\x03\x03\x03\x03\x03\x03\x03" +
	"\x03\x03\x03\x03\x03\x03\x03\x03\x03\x03\x03\x03\x03\x03\x03\x03\x03\x03\x03\x03\x03\x03\x03\x03\x03\x03\x03\x03\x03\x03\x03\x03" +
	"\x03\x03\x03\x03\x03\x03\x03\x03\x03\x03\x03\x03\x03\x03\x03\x03\x03\x03\x03\x03\x03\x03\x03\x03\x03\x03\x03\x03\x03\x03\x03\x03" +
	"\x03\x03\x03\x03\x03\x03\x03\x03\x03\x03\x03\x03\x03\x03\x03\x03\x03\x03\x03\x03\x03\x03\x03\x03\x03\x03\x03\x03\x03\x03\x03\x03" +
	"\x03\x03\x03\x03\x03\x03\x03\x03\x03\x03\x03\x03\x03\x03\x03\x03\x03\x03\x03\x03\x03\x03\x03\x03\x03\x03\x03\x03\x03\x03\x03\x03" +
	"\x03\x03\x03\x03\x03\x03\x03\x03\x03\x03\x03\x03\x03\x03\x03\x03\x03\x03\x03\x03\x03\x03\x03\x03\x03\x03\x03\x03\x03\x03\x03\x03" +
	"\x03\x03\x03\x03\x03\x03\x03\x03\x03\x03\x03\x03\x03\x03\x03\x03\x03\x03\x03\x03\x03\x03\x03\x03\x03\x03\x03\x03\x03\x03\x00\x00" +
	"\x00\x00\x00\x00\x00\x00\x00\x00\x00\x00\x00\x00\x00\x00\x00\x00\x00\x00\x00\x00\x00\x00\x00\x00\x00\x00\x00\x00\x00\x00\x00\x00" +
	"\x00\x00\x00\x00\x00\x00\x00\x00\x00\x00\x00\x00\x00\x00\x00\x00\x00\x00\x00\x00\x00\x00\x00\x00\x00\x00\x00\x00\x00\x00\x00\x00" +
	"\x00\x00\x00\x00\x00\x00\x00\x00\x00\x00\x00\x00\x00\x00\x00\x00\x00\x00\x00\x00\x00\x00\x00\x00\x00\x00\x00\x00\x00\x00\x00\x00" +
	"\x00\x00\x00\x00\x00\x00\x00\x00\x00\x00\x00\x00\x00\x00\x00\x00\x00\x00\x00\x00\x00\x00\x00\x00\x00\x00\x00\x00\x00\x00\x00\x00" +
	"\x00\x00\x00\x00\x00\x00\x00\x00\x00\x00\x00\x00\x00\x00\x00\x00\x00\x00\x00\x00\x00\x00\x00\x00\x00\x00\x00\x00\x00\x00\x00\x00" +
	"\x00\x00\x00\x00\x00\x00\x00\x00\x00\x00\x00\x00\x00\x00\x00\x00\x00\x00\x00\x00\x00\x00\x00\x00\x00\x00\x00\x00\x00\x00\x00\x00" +
	"\x00\x00\x00\x00\x00\x00\x00\x00\x00\x00\x00\x00\x00\x00\x00\x00\x00\x00\x00\x00\x00\x00\x00\x00\x00\x00\x00\x00\x00\x00\x00\x00" +
	"\x00\x00\x00\x00\x00\x00\x00\x00\x00\x00\x00\x00\x00\x00\x00\x00\x00\x00\x00\x00\x00\x00\x00\x00\x00\x00\x00\x00\x00\x00\x00\x00" +
	"\x00\x00\x00\x00\x00\x00\x00\x00\x00\x00\x00\x00\x00\x00\x00\x00\x00\x00\x00\x00\x00\x00\x00\x00\x00\x00\x00\x00\x00\x00\x00\x00" +
	"\x00\x00\x00\x00\x00\x00\x00\x00\x00\x00\x00\x00\x00\x00\x00\x00\x00\x00\x00\x00\x00\x00\x00\x00\x00\x00\x00\x00\x00\x00\x00\x00" +
	"\x00\x00\x00\x00\x00\x00\x00\x00\x00\x00\x00\x00\x00\x00\x00\x00\x00\x00\x00\x00\x00\x00\x00\x00\x00\x00\x00\x00\x00\x00\x00\x00" +
	"\x00\x00\x00\x00\x00\x00\x00\x00\x00\x00\x00\x00\x00\x00\x00\x00\x00\x00\x00\x00\x00\x00\x00\x00\x00\x00\x00\x00\x00\x00\x00\x00" +
	"\x00\x00\x00\x00\x00\x00\x00\x00\x00\x00\x00\x00\x00\x00\x00\x00\x00\x00\x00\x00\x00\x00\x00\x00\x00\x00\x00\x00\x00\x00\x00\x00" +
	"\x00\x00\x00\x00\x00\x00\x00\x00\x00\x00\x00\x00\x00\x00\x00\x00\x00\x00\x00\x00\x00\x00\x00\x00\x00\x00\x00\x00\x00\x00\x00\x00" +
	"\x00\x00\x00\x00\x00\x00\x00\x00\x00\x00\x00\x00\x00\x00\x00\x00\x00\x00\x00\x00\x00\x00\x00\x00\x00\x00\x00\x00\x00\x00\x00\x00" +
	"\x00\x00\x00\x00\x00\x00\x00\x00\x00\x00\x00\x00\x00\x00\x00\x00\x00\x00\x00\x00\x00\x00\x00\x00\x00\x00\x00\x00\x00\x00\x00\x00" +
	"\x00\x00\x00\x00\x00\x00\x00\x00\x00\x00\x00\x00\x00\x00\x00\x00\x00\x00\x00\x00\x00\x00\x00\x00\x00\x00\x00\x00\x00\x00\x00\x00" +
	"\x00\x00\x00\x00\x00\x00\x00\x00\x00\x00\x00\x00\x00\x00\x00\x00\x00\x00\x00\x00\x00\x00\x00\x00\x00\x00\x00\x00\x00\x00\x00\x00" +
	"\x00\x00\x00\x00\x00\x00\x00\x00\x00\x00\x00\x00\x00\x00\x00\x00\x00\x00\x00\x00\x00\x00\x00\x00\x00\x00\x00\x00\x00\x00\x00\x00" +
	"\x00\x00\x00\x00\x00\x00\x00\x00\x00\x00\x00\x00\x00\x00\x00\x00\x00\x00\x00\x00\x00\x00\x00\x00\x00\x00\x00\x00\x00\x00\x00\x00" +
	"\x00\x00\x00\x00\x00\x00\x00\x00\x00\x00\x00\x00\x00\x00\x00\x00\x00\x00\x00\x00\x00\x00\x00\x00\x00\x00\x00\x00\x00\x00\x00\x00" +
	"\x00\x00\x00\x00\x00\x00\x00\x00\x00\x00\x00\x00\x00\x00\x00\x00\x00\x00\x20\x20\x20\x20\x20\x20\x20\x20\x20\x20\x20\x20\x20\x20" +
	"\x20\x20\x03\x03\x03\x03\x03\x03\x03\x03\x03\x03\x03\x03\x03\x03\x03\x03\x03\x03\x03\x03\x03\x03\x03\x03\x03\x03\x03\x03\x03\x03" +
	"\x03\x03\x03\x03\x03\x03\x03\x03\x03\x03\x03\x03\x03\x03\x03\x03\x03\x03\x03\x03\x03\x03\x03\x03\x03\x03\x03\x03\x03\x03\x03\x03" +
	"\x03\x03\x03\x03\x03\x03\x03\x03\x03\x03\x03\x03\x03\x03\x03\x03\x03\x03\x03\x03\x03\x03\x03\x03\x03\x03\x03\x03\x03\x03\x03\x03" +
	"\x03\x03\x03\x03\x03\x03\x03\x03\x03\x03\x03\x03\x03\x03\x03\x03\x03\x03\x03\x03\x03\x03\x03\x03\x03\x03\x04\x04\x04\x04\x04\x04" +
	"\x04\x04\x04\x04\x04\x04\x04\x04\x04\x04\x04\x04\x04\x04\x04\x04\x04\x04\x03\x03\x03\x03\x03\x03\x03\x03\x03\x03\x03\x03\x03\x03" +
	"\x03\x03\x03\x03\x03\x03\x03\x03\x03\x03\x03\x03\x03\x03\x03\x03\x03\x03\x03\x03\x03\x03\x03\x03\x03\x03\x03\x03\x03\x03\x03\x03" +
	"\x03\x03\x03\x03\x03\x03\x03\x03\x03\x03\x03\x03\x03\x03\x03\x03\x03\x03\x03\x03\x03\x03\x03\x03\x03\x03\x03\x03\x03\x03\x03\x03" +
	"\x03\x03\x03\x03\x03\x03\x03\x03\x03\x03\x03\x03\x03\x03\x03\x03\x03\x03\x05\x05\x05\x05\x05\x05\x05\x05\x05\x05\x05\x05\x05\x05" +
	"\x05\x05\x05\x05\x05\x05\x05\x05\x05\x05\x00\x00\x00\x00\x00\x00\x00\x00\x00\x00\x00\x00\x00\x00\x00\x00\x00\x00\x00\x00\x00\x00" +
	"\x00\x00\x00\x00\x00\x00\x00\x00\x00\x00\x00\x00\x00\x00\x00\x00\x00\x00\x00\x00\x00\x00\x00\x00\x00\x00\x00\x00\x00\x00\x00\x00" +
	"\x00\x00\x00\x00\x00\x00\x00\x00\x00\x00\x00\x00\x00\x00\x00\x00\x00\x00\x00\x00\x00\x00\x00\x00\x00\x00\x00\x00\x00\x00\x00\x00" +
	"\x00\x00\x00\x00\x00\x00\x00\x00\x00\x00\x00\x00\x00\x00\x00\x00\x00\x00\x00\x00\x00\x00\x00\x00\x00\x00\x00\x00\x00\x00\x00\x00" +
	"\x00\x00\x00\x00\x00\x00\x00\x00\x00\x00\x00\x00\x00\x00\x00\x00\x00\x00\x00\x00\x00\x00\x00\x00\x00\x00\x00\x00\x00\x00\x00\x00" +
	"\x00\x00\x00\x00\x00\x00\x00\x00\x00\x00\x00\x00\x00\x00\x00\x00\x00\x00\x00\x00\x00\x00\x00\x00\x00\x00\x00\x00\x00\x00\x00\x00" +
	"\x00\x00\x00\x00\x00\x00\x00\x00\x00\x00\x00\x00\x00\x00\x00\x00\x00\x00\x00\x00\x00\x00\x00\x00\x00\x00\x00\x00\x00\x00\x00\x00" +
	"\x00\x00\x00\x00\x00\x00\x00\x00\x00\x00\x00\x00\x00\x00\x00\x00\x00\x00\x00\x00\x00\x00\x00\x00\x00\x00\x00\x00\x00\x00\x00\x00" +
	"\x00\x00\x00\x00\x00\x00\x00\x00\x00\x00\x00\x00\x00\x00\x00\x00\x00\x00\x00\x00\x00\x00\x00\x00\x00\x00\x00\x00\x00\x00\x00\x00" +
	"\x00\x00\x39\x39\x39\x39\x39\x39\x39\x39\x39\x39\x39\x39\x03\x03\x03\x03\x03\x03\x03\x03\x03\x03\x03\x03\x03\x03\x03\x03\x03\x03" +
	"\x03\x03\x03\x03\x03\x03\x16\x16\x16\x16\x16\x16\x16\x16\x16\x16\x16\x16\x16\x16\x16\x16\x1b\x1b\x1b\x1b\x1b\x1b\x1b\x1b\x1b\x1b" +
	"\x1b\x1b\x1b\x1b\x1b\x1b\x00\x00\x00\x00\x00\x00\x00\x00\x00\x00\x00\x00\x00\x00\x00\x00\x03\x03\x03\x03\x03\x03\x03\x03\x03\x03" +
	"\x03\x03\x03\x03\x03\x03\x03\x03\x03\x03\x03\x03\x03\x03\x03\x03\x03\x03\x03\x03\x03\x03\x16\x3a\x16\x16\x16\x16\x16\x16\x16\x16" +
	"\x16\x16\x00\x00\x00\x00\x00\x00\x00\x00\x00\x00\x00\x00\x00\x00\x00\x00\x00\x00\x00\x00\x00\x00\x00\x00\x00\x00\x00\x00\x00\x00" +
	"\x00\x00\x00\x00\x00\x00\x00\x00\x00\x00\x00\x00\x00\x00\x00\x00\x00\x00\x00\x00\x00\x00\x00\x00\x00\x00\x00\x00\x00\x00\x00\x00" +
	"\x00\x00\x00\x00\x00\x00\x00\x00\x00\x00\x00\x00\x00\x00\x00\x00\x00\x00\x00\x00\x00\x00\x00\x16\x16\x16\x16\x16\x16\x16\x16\x16" +
	"\x16\x16\x16\x16\x16\x16\x16\x16\x16\x16\x16\x16\x16\x16\x16\x00\x00\x00\x00\x00\x00\x00\x00\x00\x00\x00\x00\x00\x00\x00\x00\x00" +
	"\x00\x00\x00\x00\x00\x00\x00\x00\x00\x00\x00\x14\x14\x14\x14\x14\x14\x14\x14\x14\x14\x14\x14\x14\x14\x14\x14\x14\x14\x14\x14\x14" +
	"\x14\x14\x14\x14\x14\x14\x14\x14\x14\x14\x14\x14\x14\x14\x14\x14\x14\x14\x14\x14\x14\x14\x14\x14\x14\x14\x14\x14\x14\x14\x14\x14" +
	"\x14\x14\x14\x14\x14\x14\x14\x14\x14\x14\x14\x14\x14\x14\x14\x14\x14\x14\x14\x14\x14\x14\x14\x14\x14\x14\x14\x14\x14\x14\x14\x14" +
	"\x14\x14\x14\x14\x14\x14\x14\x14\x14\x14\x14\x14\x14\x14\x14\x14\x14\x14\x14\x14\x14\x14\x14\x14\x14\x14\x14\x14\x14\x14\x14\x14" +
	"\x14\x14\x14\x14\x14\x14\x14\x14\x14\x14\x14\x14\x14\x14\x14\x14\x14\x14\x14\x14\x14\x14\x14\x14\x14\x14\x14\x14\x14\x14\x14\x14" +
	"\x14\x14\x14\x14\x14\x14\x14\x14\x14\x14\x14\x14\x14\x14\x14\x14\x14\x14\x14\x14\x14\x14\x14\x14\x14\x14\x14\x14\x14\x14\x14\x14" +
	"\x14\x14\x14\x14\x14\x14\x14\x14\x14\x14\x14\x14\x14\x14\x14\x14\x14\x14\x14\x14\x14\x14\x14\x14\x14\x14\x14\x14\x14\x14\x14\x14" +
	"\x14\x14\x14\x14\x14\x14\x14\x14\x14\x14\x14\x14\x14\x14\x14\x14\x14\x14\x14\x14\x14\x14\x14\x14\x14\x14\x14\x14\x14\x14\x14\x14" +
	"\x14\x14\x14\x14\x14\x14\x14\x14\x14\x14\x14\x14\x14\x14\x14\x14\x14\x14\x14\x14\x14\x14\x14\x14\x14\x14\x14\x14\x14\x14\x14\x14" +
	"\x14\x14\x14\x14\x14\x14\x14\x14\x14\x14\x14\x14\x14\x14\x14\x14\x14\x14\x14\x14\x14\x14\x14\x14\x14\x14\x14\x14\x14\x14\x14\x14" +
	"\x14\x14\x14\x14\x14\x14\x14\x14\x14\x14\x14\x14\x14\x14\x14\x14\x14\x14\x14\x14\x14\x14\x14\x14\x14\x14\x14\x14\x14\x14\x14\x14" +
	"\x14\x14\x14\x14\x14\x14\x14\x14\x14\x14\x14\x14\x14\x14\x14\x14\x14\x14\x14\x14\x14\x14\x14\x14\x14\x14\x14\x14\x14\x14\x14\x14" +
	"\x14\x14\x14\x14\x14\x14\x14\x14\x14\x14\x14\x14\x14\x14\x14\x14\x14\x14\x14\x14\x14\x14\x14\x14\x14\x14\x14\x14\x14\x14\x14\x14" +
	"\x14\x14\x14\x14\x14\x14\x14\x14\x14\x14\x14\x14\x14\x14\x14\x14\x14\x14\x14\x14\x14\x14\x14\x14\x14\x14\x14\x14\x14\x14\x14\x14" +
	"\x14\x14\x14\x14\x14\x14\x14\x14\x14\x14\x14\x14\x14\x14\x14\x14\x14\x14\x14\x14\x14\x14\x14\x14\x14\x14\x14\x14\x14\x14\x14\x14" +
	"\x14\x14\x14\x14\x14\x14\x14\x14\x14\x14\x14\x14\x14\x14\x14\x14\x14\x14\x14\x14\x14\x14\x14\x14\x14\x14\x14\x14\x14\x14\x14\x14" +
	"\x14\x14\x14\x14\x14\x14\x14\x14\x14\x14\x14\x03\x03\x03\x03\x03\x03\x03\x03\x03\x03\x03\x03\x03\x03\x03\x03\x03\x03\x03\x03\x03" +
	"\x03\x03\x03\x03\x03\x03\x03\x03\x03\x03\x03\x03\x03\x03\x03\x03\x03\x03\x03\x03\x03\x03\x03\x03\x03\x03\x03\x03\x03\x03\x03\x03" +
	"\x03\x03\x03\x03\x03\x03\x03\x03\x03\x03\x03\x03\x03\x03\x03\x03\x03\x03\x03\x03\x03\x03\x03\x03\x03\x03\x03\x04\x04\x04\x04\x04" +
	"\x04\x04\x04\x04\x04\x04\x04\x04\x04\x04\x04\x04\x04\x04\x04\x04\x04\x04\x04\x04\x04\x04\x04\x04\x04\x04\x04\x04\x04\x04\x04\x04" +
	"\x04\x04\x04\x04\x04\x04\x04\x04\x04\x04\x04\x04\x04\x04\x04\x04\x04\x04\x04\x04\x04\x04\x04\x04\x04\x04\x04\x04\x04\x04\x04\x04" +
	"\x04\x04\x04\x04\x04\x04\x04\x04\x04\x04\x04\x03\x03\x03\x03\x03\x03\x03\x03\x03\x03\x03\x03\x03\x03\x03\x03\x03\x03\x03\x03\x03" +
	"\x03\x03\x03\x03\x03\x03\x03\x03\x03\x03\x03\x03\x03\x03\x03\x03\x03\x03\x03\x03\x03\x03\x03\x03\x03\x03\x03\x03\x03\x03\x03\x03" +
	"\x03\x03\x03\x03\x03\x03\x03\x03\x03\x03\x03\x03\x03\x03\x03\x03\x03\x03\x03\x03\x03\x03\x03\x03\x03\x03\x03\x03\x03\x03\x03\x03" +
	"\x03\x03\x03\x03\x03\x03\x03\x03\x03\x03\x03\x03\x03\x03\x03\x03\x03\x03\x03\x03\x03\x03\x03\x03\x03\x03\x03\x03\x03\x03\x03\x03" +
	"\x03\x03\x03\x03\x03\x03\x03\x03\x03\x03\x03\x03\x03\x03\x03\x03\x03\x03\x03\x03\x03\x03\x03\x03\x03\x03\x03\x03\x03\x03\x03\x03" +
	"\x03\x03\x03\x03\x03\x03\x03\x03\x03\x03\x03\x03\x03\x03\x03\x03\x03\x03\x03\x03\x03\x03\x03\x03\x03\x03\x03\x03\x03\x03\x03\x03" +
	"\x03\x03\x03\x03\x03\x03\x03\x03\x03\x03\x03\x03\x03\x03\x03\x03\x03\x03\x03\x03\x03\x03\x03\x03\x03\x03\x03\x03\x03\x03\x03\x03" +
	"\x03\x03\x03\x03\x03\x03\x03\x03\x03\x03\x03\x03\x03\x03\x03\x03\x03\x03\x03\x03\x03\x03\x03\x03\x03\x03\x03\x03\x03\x03\x03\x03" +
	"\x03\x03\x03\x03\x03\x03\x03\x03\x03\x03\x03\x03\x03\x03\x03\x03\x03\x03\x03\x03\x03\x03\x03\x03\x03\x03\x03\x03\x03\x03\x03\x03" +
	"\x03\x03\x03\x03\x03\x03\x03\x03\x03\x03\x03\x03\x03\x03\x03\x03\x03\x03\x03\x03\x03\x03\x03\x03\x03\x03\x03\x03\x03\x03\x03\x03" +
	"\x03\x03\x03\x03\x03\x03\x03\x03\x03\x03\x03\x05\x05\x05\x05\x05\x05\x05\x05\x05\x05\x05\x05\x05\x05\x05\x05\x05\x05\x05\x05\x05" +
	"\x05\x05\x05\x05\x05\x05\x05\x05\x05\x05\x05\x05\x05\x05\x05\x05\x05\x05\x05\x05\x05\x05\x05\x05\x05\x05\x05\x05\x05\x05\x05\x05" +
	"\x05\x05\x05\x05\x05\x05\x05\x05\x05\x05\x05\x05\x05\x05\x05\x05\x05\x05\x05\x05\x05\x05\x05\x05\x05\x05\x05\x05\x05\x05\x05\x05" +
	"\x05\x05\x05\x05\x05\x05\x05\x05\x05\x05\x05\x05\x05\x05\x05\x05\x05\x05\x05\x05\x05\x05\x05\x05\x05\x05\x05\x05\x05\x05\x05\x05" +
	"\x05\x05\x05\x05\x05\x05\x05\x05\x05\x05\x05\x05\x05\x05\x05\x05\x05\x05\x05\x05\x05\x05\x05\x05\x05\x05\x05\x05\x05\x05\x05\x05" +
	"\x05\x05\x05\x05\x05\x05\x05\x05\x05\x05\x05\x3b\x00\x00\x00\x00\x00\x00\x00\x00\x00\x00\x00\x00\x00\x00\x00\x00\x00\x00\x00\x00" +
	"\x00\x00\x00\x00\x00\x00\x00\x00\x00\x00\x00\x00\x00\x00\x1b\x1b\x1b\x1b\x1b\x1b\x1b\x1b\x1b\x1b\x1b\x1b\x1b\x1b\x1b\x1b\x1b\x1b" +
	"\x1b\x1b\x1b\x1b\x1b\x1b\x1b\x1b\x1b\x1b\x1b\x1b\x1b\x1b\x1b\x1b\x1b\x1b\x1b\x1b\x1b\x1b\x1b\x1b\x1b\x1b\x1b\x1b\x1b\x1b\x1b\x1b" +
	"\x1b\x1b\x1b\x1b\x1b\x1b\x1b\x1b\x1b\x1b\x1b\x1b\x1b\x1b\x00\x00\x00\x00\x00\x00\x00\x00\x00\x00\x00\x00\x00\x00\x00\x00\x00\x00" +
	"\x00\x00\x00\x00\x00\x00\x00\x00\x00\x00\x00\x00\x00\x00\x00\x00\x00\x00\x00\x00\x00\x00\x00\x00\x00\x00\x00\x00\x00\x00\x00\x00" +
	"\x00\x00\x00\x00\x00\x00\x00\x00\x00\x00\x00\x00\x00\x00\x00\x00\x00\x00\x00\x00\x00\x00\x00\x00\x00\x00\x00\x00\x00\x00\x00\x00" +
	"\x00\x00\x00\x00\x00\x00\x00\x00\x00\x00\x00\x00\x00\x00\x00\x00\x00\x00\x00\x00\x00\x00\x00\x00\x00\x00\x00\x00\x00\x00\x00\x00" +
	"\x00\x00\x00\x00\x00\x00\x00\x00\x00\x00\x00\x00\x00\x00\x00\x00\x00\x00\x00\x00\x00\x00\x00\x00\x00\x00\x00\x00\x00\x00\x00\x00" +
	"\x00\x00\x00\x00\x00\x00\x00\x00\x00\x00\x00\x00\x00\x00\x00\x00\x00\x00\x00\x00\x00\x00\x00\x00\x00\x00\x00\x00\x00\x00\x00\x00" +
	"\x00\x00\x00\x00\x00\x00\x00\x00\x00\x00\x00\x00\x00\x00\x00\x00\x00\x00\x00\x00\x00\x00\x00\x00\x00\x00\x00\x00\x00\x00\x00\x00" +
	"\x00\x00\x00\x00\x00\x00\x00\x00\x00\x00\x00\x00\x00\x00\x00\x00\x00\x00\x00\x00\x00\x00\x00\x00\x00\x00\x00\x00\x00\x00\x00\x00" +
	"\x00\x00\x00\x00\x00\x00\x00\x00\x00\x00\x00\x00\x00\x00\x00\x00\x00\x00\x00\x14\x01\x01\x01\x1a\x1a\x1a\x1a\x1a\x1a\x1a\x1a\x1a" +
	"\x1a\x1a\x1a\x1a\x1a\x1a\x1a\x00\x00\x14\x01\x01\x01\x01\x01\x01\x01\x01\x01\x01\x01\x01\x03\x03\x03\x03\x03\x03\x03\x03\x03\x03" +
	"\x03\x03\x03\x03\x03\x03\x03\x03\x03\x03\x03\x03\x03\x03\x03\x03\x03\x03\x03\x03\x03\x03\x03\x03\x03\x03\x03\x03\x03\x03\x03\x03" +
	"\x03\x03\x03\x03\x03\x03\x03\x03\x03\x03\x03\x03\x03\x03\x03\x03\x03\x03\x03\x03\x03\x03\x03\x03\x03\x03\x03\x03\x03\x03\x03\x03" +
	"\x03\x03\x03\x03\x03\x03\x03\x03\x03\x03\x03\x03\x03\x03\x03\x03\x03\x03\x03\x03\x03\x03\x03\x03\x03\x03\x03\x03\x03\x03\x03\x03" +
	"\x03\x03\x03\x03\x03\x03\x03\x03\x03\x03\x03\x03\x03\x03\x03\x03\x03\x03\x03\x03\x03\x03\x03\x03\x03\x03\x03\x03\x03\x03\x03\x03" +
	"\x03\x03\x03\x03\x03\x03\x03\x03\x03\x03\x03\x03\x03\x03\x03\x03\x03\x03\x03\x03\x03\x03\x03\x03\x03\x03\x03\x03\x03\x03\x03\x03" +
	"\x03\x03\x03\x03\x03\x03\x03\x03\x03\x03\x03\x03\x03\x03\x03\x03\x03\x03\x03\x03\x03\x03\x03\x03\x03\x03\x03\x03\x03\x03\x03\x03" +
	"\x03\x03\x03\x03\x03\x03\x03\x03\x03\x03\x03\x03\x03\x03\x03\x03\x03\x03\x03\x03\x03\x03\x03\x03\x03\x03\x03\x03\x03\x03\x03\x03" +
	"\x03\x03\x03\x03\x03\x03\x03\x03\x03\x03\x03\x03\x03\x03\x03\x03\x03\x03\x03\x03\x03\x03\x03\x03\x03\x03\x03\x03\x03\x03\x03\x03" +
	"\x03\x03\x03\x03\x03\x03\x03\x03\x03\x03\x03\x03\x03\x03\x03\x03\x03\x03\x03\x03\x03\x03\x03\x03\x03\x03\x03\x03\x03\x03\x03\x03" +
	"\x03\x03\x03\x03\x03\x03\x03\x03\x03\x03\x03\x03\x03\x03\x03\x03\x03\x03\x03\x03\x03\x03\x00\x00\x00\x00\x00\x00\x00\x00\x00\x00" +
	"\x00\x00\x00\x00\x00\x00\x00\x00\x00\x00\x00\x00\x00\x00\x00\x00\x00\x00\x00\x00\x00\x00\x00\x00\x00\x00\x00\x00\x00\x00\x00\x00" +
	"\x00\x00\x00\x00\x00\x00\x00\x00\x00\x00\x00\x00\x00\x00\x00\x00\x00\x00\x00\x00\x00\x00\x00\x00\x00\x00\x00\x00\x00\x00\x00\x00" +
	"\x00\x00\x00\x00\x00\x00\x00\x00\x00\x03\x03\x03\x03\x03\x03\x03\x03\x03\x03\x03\x03\x03\x03\x03\x03\x03\x03\x03\x03\x03\x03\x03" +
	"\x03\x03\x03\x03\x03\x03\x03\x04\x04\x04\x04\x04\x04\x03\x03\x03\x03\x03\x03\x03\x03\x03\x03\x03\x03\x03\x03\x03\x03\x03\x03\x03" +
	"\x03\x03\x03\x03\x03\x05\x05\x05\x05\x05\x05\x05\x05\x05\x05\x05\x05\x00\x00\x00\x00\x00\x00\x00\x00\x00\x00\x00\x00\x00\x00\x00" +
	"\x00\x00\x00\x00\x00\x00\x00\x00\x00\x00\x00\x00\x00\x00\x00\x00\x00\x00\x00\x00\x00\x00\x00\x00\x00\x00\x00\x2d\x2d\x2d\x2d\x2d" +
	"\x2d\x36\x36\x36\x36\x36\x36\x00\x00\x00\x00\x00\x00\x00\x00\x00\x00\x00\x00\x00\x00\x00\x00\x00\x00\x00\x00\x00\x00\x00\x00\x00" +
	"\x00\x00\x00\x03\x03\x03\x03\x03\x03\x03\x03\x03\x03\x03\x03\x03\x03\x03\x03\x03\x03\x03\x03\x03\x03\x03\x03\x03\x03\x03\x03\x03" +
	"\x03\x03\x03\x03\x03\x03\x03\x03\x03\x03\x03\x03\x03\x03\x03\x03\x03\x03\x03\x03\x03\x03\x03\x03\x03\x03\x03\x03\x03\x03\x03\x03" +
	"\x03\x03\x03\x03\x03\x03\x03\x03\x03\x03\x03\x03\x03\x03\x03\x03\x03\x03\x03\x03\x03\x03\x03\x03\x03\x03\x03\x03\x03\x03\x03\x03" +
	"\x03\x03\x03\x03\x03\x03\x03\x03\x03\x03\x03\x03\x03\x03\x03\x03\x03\x03\x03\x03\x03\x03\x03\x03\x03\x03\x03\x03\x03\x03\x03\x03" +
	"\x03\x03\x03\x04\x04\x04\x04\x04\x04\x04\x04\x04\x04\x04\x04\x04\x04\x04\x04\x04\x04\x04\x04\x04\x04\x04\x04\x04\x04\x04\x04\x04" +
	"\x04\x04\x04\x03\x03\x03\x03\x03\x03\x03\x03\x03\x03\x03\x03\x03\x03\x03\x03\x03\x03\x03\x03\x03\x03\x03\x03\x03\x03\x03\x03\x03" +
	"\x03\x03\x03\x03\x03\x03\x03\x03\x03\x03\x03\x03\x03\x03\x03\x03\x03\x03\x03\x03\x03\x03\x03\x03\x03\x03\x03\x03\x03\x03\x03\x03" +
	"\x03\x03\x03\x03\x03\x03\x03\x03\x03\x03\x03\x03\x03\x03\x03\x03\x03\x03\x03\x03\x03\x03\x03\x03\x03\x03\x03\x03\x03\x03\x03\x03" +
	"\x03\x03\x03\x03\x03\x03\x03\x03\x03\x03\x03\x03\x03\x03\x03\x03\x03\x03\x03\x03\x03\x03\x03\x03\x03\x03\x03\x03\x03\x03\x03\x03" +
	"\x03\x03\x03\x05\x05\x05\x05\x05\x05\x05\x05\x05\x05\x05\x05\x05\x05\x05\x05\x05\x05\x05\x05\x05\x05\x05\x05\x05\x05\x05\x05\x05" +
	"\x05\x05\x05\x03\x03\x03\x03\x03\x03\x03\x03\x03\x03\x03\x03\x03\x03\x03\x03\x03\x03\x03\x03\x03\x03\x03\x03\x03\x03\x03\x03\x03" +
	"\x03\x03\x03\x03\x03\x03\x03\x03\x03\x03\x03\x03\x03\x03\x03\x03\x03\x03\x03\x03\x03\x03\x03\x03\x03\x03\x03\x03\x03\x03\x03\x03" +
	"\x03\x03\x03\x03\x03\x03\x03\x03\x03\x03\x03\x03\x03\x03\x03\x03\x03\x03\x03\x03\x03\x03\x03\x03\x03\x03\x03\x03\x03\x03\x03\x03" +
	"\x03\x03\x03\x03\x03\x03\x03\x03\x03\x03\x03\x03\x03\x03\x03\x03\x03\x03\x03\x03\x03\x03\x03\x03\x03\x03\x03\x03\x03\x03\x03\x03" +
	"\x03\x03\x03\x04\x04\x04\x04\x04\x04\x04\x04\x04\x04\x04\x04\x04\x04\x04\x04\x04\x04\x04\x04\x04\x04\x04\x04\x04\x04\x04\x04\x04" +
	"\x04\x04\x04\x03\x03\x03\x03\x03\x03\x03\x03\x03\x03\x03\x03\x03\x03\x03\x03\x03\x03\x03\x03\x03\x03\x03\x03\x03\x03\x03\x03\x03" +
	"\x03\x03\x03\x03\x03\x03\x03\x03\x03\x03\x03\x03\x03\x03\x03\x03\x03\x03\x03\x03\x03\x03\x03\x03\x03\x03\x03\x03\x03\x03\x03\x03" +
	"\x03\x03\x03\x03\x03\x03\x03\x03\x03\x03\x03\x03\x03\x03\x03\x03\x03\x03\x03\x03\x03\x03\x03\x03\x03\x03\x03\x03\x03\x03\x03\x03" +
	"\x03\x03\x03\x03\x03\x03\x03\x03\x03\x03\x03\x03\x03\x03\x03\x03\x03\x03\x03\x03\x03\x03\x03\x03\x03\x03\x03\x03\x03\x03\x03\x03" +
	"\x03\x03\x03\x05\x05\x05\x05\x05\x05\x05\x05\x05\x05\x05\x05\x05\x05\x05\x05\x05\x05\x05\x05\x05\x05\x05\x05\x05\x05\x05\x05\x05" +
	"\x05\x05\x05\x03\x03\x03\x03\x03\x03\x03\x03\x03\x03\x03\x03\x03\x03\x03\x03\x03\x03\x03\x03\x03\x03\x03\x03\x03\x03\x03\x03\x03" +
	"\x03\x03\x03\x03\x03\x03\x03\x03\x03\x03\x03\x03\x03\x03\x03\x03\x03\x03\x03\x03\x03\x03\x03\x03\x03\x03\x03\x03\x03\x03\x03\x03" +
	"\x03\x03\x03\x03\x03\x03\x03\x03\x03\x03\x03\x03\x03\x03\x03\x03\x03\x03\x03\x03\x03\x03\x03\x03\x03\x03\x03\x03\x03\x03\x03\x03" +
	"\x03\x03\x03\x03\x03\x03\x03\x03\x03\x03\x03\x03\x03\x03\x03\x03\x03\x03\x03\x03\x03\x03\x03\x03\x03\x03\x03\x03\x03\x03\x03\x03" +
	"\x03\x03\x03\x03\x03\x03\x03\x03\x03\x03\x03\x03\x03\x03\x03\x03\x03\x03\x03\x03\x03\x03\x03\x03\x03\x03\x03\x03\x03\x03\x03\x03" +
	"\x03\x03\x03\x03\x03\x03\x03\x03\x03\x03\x03\x03\x03\x03\x03\x03\x03\x03\x03\x03\x03\x03\x03\x03\x03\x03\x03\x03\x03\x03\x03\x03" +
	"\x03\x03\x03\x03\x03\x03\x03\x03\x03\x03\x03\x03\x03\x03\x03\x03\x03\x03\x03\x03\x03\x03\x03\x03\x03\x03\x03\x03\x03\x03\x03\x03" +
	"\x03\x03\x03\x03\x03\x03\x03\x03\x03\x03\x03\x03\x03\x03\x03\x03\x03\x03\x03\x03\x03\x03\x03\x03\x03\x03\x03\x03\x03\x03\x03\x03" +
	"\x03\x03\x03\x04\x04\x04\x04\x04\x04\x04\x04\x04\x04\x04\x04\x04\x04\x04\x04\x04\x04\x04\x04\x04\x04\x04\x04\x04\x04\x04\x04\x04" +
	"\x04\x04\x04\x04\x04\x04\x04\x04\x04\x04\x04\x04\x04\x04\x04\x04\x04\x04\x04\x04\x04\x04\x04\x04\x04\x04\x04\x04\x04\x04\x04\x04" +
	"\x04\x04\x04\x03\x03\x03\x03\x03\x03\x03\x03\x03\x03\x03\x03\x03\x03\x03\x03\x03\x03\x03\x03\x03\x03\x03\x03\x03\x03\x03\x03\x03" +
	"\x03\x03\x03\x03\x03\x03\x03\x03\x03\x03\x03\x03\x03\x03\x03\x03\x03\x03\x03\x03\x03\x03\x03\x03\x03\x03\x03\x03\x03\x03\x03\x03" +
	"\x03\x03\x03\x03\x03\x03\x03\x03\x03\x03\x03\x03\x03\x03\x03\x03\x03\x03\x03\x03\x03\x03\x03\x03\x03\x03\x03\x03\x03\x03\x03\x03" +
	"\x03\x03\x03\x03\x03\x03\x03\x03\x03\x03\x03\x03\x03\x03\x03\x03\x03\x03\x03\x03\x03\x03\x03\x03\x03\x03\x03\x03\x03\x03\x03\x03" +
	"\x03\x03\x03\x03\x03\x03\x03\x03\x03\x03\x03\x03\x03\x03\x03\x03\x03\x03\x03\x03\x03\x03\x03\x03\x03\x03\x03\x03\x03\x03\x03\x03" +
	"\x03\x03\x03\x03\x03\x03\x03\x03\x03\x03\x03\x03\x03\x03\x03\x03\x03\x03\x03\x03\x03\x03\x03\x03\x03\x03\x03\x03\x03\x03\x03\x03" +
	"\x03\x03\x03\x03\x03\x03\x03\x03\x03\x03\x03\x03\x03\x03\x03\x03\x03\x03\x03\x03\x03\x03\x03\x03\x03\x03\x03\x03\x03\x03\x03\x03" +
	"\x03\x03\x03\x03\x03\x03\x03\x03\x03\x03\x03\x03\x03\x03\x03\x03\x03\x03\x03\x03\x03\x03\x03\x03\x03\x03\x03\x03\x03\x03\x03\x03" +
	"\x03\x03\x03\x05\x05\x05\x05\x05\x05\x05\x05\x05\x05\x05\x05\x05\x05\x05\x05\x05\x05\x05\x05\x05\x05\x05\x05\x05\x05\x05\x05\x05" +
	"\x05\x05\x05\x05\x05\x05\x05\x05\x05\x05\x05\x05\x05\x05\x05\x05\x05\x05\x05\x05\x05\x05\x05\x05\x05\x05\x05\x05\x05\x05\x05\x05" +
	"\x05\x05\x05\x03\x03\x03\x03\x03\x03\x03\x03\x03\x03\x03\x03\x03\x03\x03\x03\x03\x03\x03\x03\x03\x03\x03\x03\x03\x03\x03\x03\x03" +
	"\x03\x03\x03\x03\x03\x03\x03\x03\x03\x03\x03\x03\x03\x03\x03\x03\x03\x03\x03\x03\x03\x03\x03\x03\x03\x03\x03\x03\x03\x03\x03\x03" +
	"\x03\x03\x03\x03\x03\x03\x03\x03\x03\x03\x03\x03\x03\x03\x03\x00\x00\x00\x00\x00\x00\x00\x00\x00\x00\x00\x00\x00\x00\x00\x00\x00" +
	"\x00\x00\x00\x00\x00\x00\x00\x00\x00\x00\x00\x00\x00\x00\x00\x00\x00\x00\x00\x00\x00\x00\x00\x00\x00\x00\x00\x00\x00\x00\x00\x00" +
	"\x00\x00\x00\x00\x00\x00\x00\x00\x00\x00\x00\x00\x00\x00\x00\x00\x00\x00\x00\x00\x00\x00\x00\x00\x00\x00\x00\x00\x00\x00\x00\x00" +
	"\x00\x00\x00\x00\x00\x00\x00\x00\x00\x00\x20\x20\x20\x20\x20\x20\x20\x20\x20\x20\x20\x20\x20\x20\x20\x20\x20\x20\x01\x00\x00\x00" +
	"\x00\x00\x00\x00\x00\x00\x00\x00\x00\x00\x00\x00\x00\x00\x00\x00\x00\x00\x00\x00\x00\x00\x14\x14\x14\x14\x00\x3c\x36\x3d\x3d\x3d" +
	"\x00\x00\x00\x00\x00\x00\x00\x00\x00\x00\x00\x00\x00\x00\x00\x00\x00\x00\x00\x00\x00\x00\x00\x00\x00\x00\x00\x00\x00\x00\x00\x00" +
	"\x00\x00\x00\x00\x00\x00\x00\x00\x00\x00\x00\x00\x00\x00\x00\x00\x00\x00\x00\x00\x00\x00\x00\x00\x00\x00\x00\x00\x00\x00\x00\x00" +
	"\x00\x00\x00\x00\x00\x00\x00\x00\x00\x00\x00\x00\x00\x00\x00\x00\x00\x00\x00\x00\x00\x00\x00\x00\x00\x00\x00\x00\x00\x00\x00\x00" +
	"\x00\x00\x00\x00\x00\x00\x00\x00\x00\x00\x00\x00\x00\x00\x00\x00\x00\x00\x00\x00\x00\x00\x00\x00\x00\x00\x00\x00\x00\x00\x00\x00" +
	"\x00\x00\x00\x00\x00\x00\x00\x00\x00\x00\x00\x00\x00\x00\x00\x00\x00\x00\x00\x00\x00\x00\x00\x00\x00\x00\x00\x00\x00\x00\x00\x00" +
	"\x00\x00\x00\x00\x00\x00\x00\x00\x00\x00\x00\x00\x00\x00\x00\x00\x00\x00\x00\x00\x00\x00\x00\x00\x00\x00\x00\x00\x00\x00\x00\x00" +
	"\x00\x00\x00\x00\x00\x00\x00\x00\x00\x00\x00\x00\x00\x00\x00\x00\x00\x00\x00\x00\x00\x00\x00\x00\x00\x00\x00\x00\x00\x00\x00\x00" +
	"\x00\x00\x00\x00\x00\x00\x00\x00\x00\x00\x00\x00\x00\x00\x00\x00\x00\x00\x00\x00\x00\x00\x00\x00\x00\x00\x00\x00\x00\x00\x00\x00" +
	"\x00\x00\x00\x00\x00\x00\x00\x00\x00\x00\x00\x00\x00\x00\x00\x00\x00\x00\x00\x00\x00\x00\x00\x00\x00\x00\x00\x00\x00\x00\x00\x00" +
	"\x00\x00\x00\x00\x00\x00\x00\x00\x00\x00\x00\x00\x00\x00\x00\x00\x00\x00\x00\x00\x00\x00\x00\x00\x00\x00\x00\x00\x00\x00\x00\x00" +
	"\x00\x00\x00\x00\x00\x00\x00\x00\x00\x00\x00\x00\x00\x00\x00\x00\x00\x00\x00\x00\x00\x00\x00\x00\x00\x00\x00\x00\x00\x00\x00\x00" +
	"\x00\x00\x00\x00\x00\x00\x00\x00\x00\x00\x00\x00\x00\x00\x00\x00\x00\x00\x00\x00\x00\x00\x00\x00\x00\x00\x00\x00\x00\x00\x00\x00" +
	"\x00\x00\x00\x00\x00\x00\x00\x00\x00\x00\x00\x00\x00\x00\x00\x00\x00\x00\x00\x00\x00\x00\x00\x00\x00\x00\x00\x00\x00\x00\x00\x00" +
	"\x00\x00\x00\x00\x00\x00\x00\x00\x00\x00\x00\x00\x00\x00\x00\x00\x00\x00\x00\x00\x00\x00\x00\x00\x00\x00\x00\x00\x00\x00\x00\x00" +
	"\x00\x00\x00\x00\x00\x00\x00\x00\x00\x00\x00\x00\x00\x00\x00\x00\x00\x00\x00\x00\x00\x00\x00\x00\x00\x00\x00\x00\x00\x00\x00\x00" +
	"\x00\x00\x00\x00\x00\x00\x00\x00\x00\x00\x00\x00\x00\x00\x00\x00\x00\x00\x00\x00\x00\x00\x00\x00\x00\x00\x00\x00\x00\x00\x00\x00" +
	"\x00\x00\x00\x00\x00\x00\x00\x00\x00\x00\x00\x00\x00\x00\x00\x00\x00\x00\x00\x00\x00\x00\x00\x00\x00\x00\x00\x00\x00\x00\x00\x00" +
	"\x00\x00\x00\x00\x00\x00\x00\x00\x00\x00\x00\x00\x00\x00\x00\x00\x00\x00\x00\x00\x00\x00\x00\x00\x00\x00\x00\x00\x00\x00\x00\x00" +
	"\x00\x00\x00\x00\x00\x00\x00\x00\x00\x00\x00\x00\x00\x00\x00\x00\x00\x00\x00\x00\x00\x00\x00\x00\x00\x00\x00\x00\x00\x00\x00\x00" +
	"\x00\x00\x00\x00\x00\x00\x00\x00\x00\x00\x00\x00\x00\x00\x00\x00\x00\x00\x00\x00\x00\x00\x00\x00\x00\x00\x00\x00\x00\x00\x00\x00" +
	"\x00\x00\x00\x00\x00\x00\x00\x00\x00\x00\x00\x00\x00\x00\x00\x00\x00\x00\x00\x00\x00\x00\x00\x00\x00\x00\x00\x00\x00\x00\x00\x00" +
	"\x00\x00\x00\x00\x00\x00\x00\x00\x00\x00\x00\x00\x00\x00\x00\x00\x00\x00\x00\x00\x00\x00\x00\x00\x00\x00\x00\x00\x00\x00\x00\x00" +
	"\x00\x00\x00\x00\x00\x00\x00\x00\x00\x00\x00\x00\x00\x00\x00\x00\x00\x00\x00\x00\x00\x00\x00\x00\x00\x00\x00\x00\x00\x00\x00\x00" +
	"\x00\x00\x00\x00\x00\x00\x00\x00\x00\x00\x00\x00\x00\x00\x00\x00\x00\x00\x00\x00\x00\x00\x00\x00\x00\x00\x00\x00\x00\x00\x00\x00" +
	"\x00\x00\x00\x00\x00\x00\x00\x00\x00\x00\x00\x00\x00\x00\x00\x00\x00\x00\x00\x00\x00\x00\x00\x00\x00\x00\x00\x00\x00\x00\x00\x00" +
	"\x00\x00\x00\x00\x00\x00\x00\x00\x00\x00\x00\x00\x00\x00\x00\x00\x00\x00\x00\x00\x00\x00\x00\x00\x00\x00\x00\x00\x00\x00\x00\x00" +
	"\x00\x00\x00\x00\x00\x00\x00\x00\x00\x00\x00\x00\x00\x00\x00\x00\x00\x00\x00\x00\x00\x00\x00\x00\x00\x00\x00\x00\x00\x00\x00\x00" +
	"\x00\x00\x00\x00\x00\x00\x00\x00\x00\x00\x00\x00\x00\x00\x00\x00\x00\x00\x00\x00\x00\x00\x00\x00\x00\x00\x00\x00\x00\x00\x00\x00" +
	"\x00\x00\x00\x00\x00\x00\x00\x00\x00\x00\x00\x00\x00\x00\x00\x00\x00\x00\x00\x00\x00\x00\x00\x00\x00\x00\x00\x00\x00\x00\x00\x00" +
	"\x00\x00\x00\x00\x00\x00\x00\x00\x00\x00\x00\x00\x00\x00\x00\x00\x00\x00\x00\x00\x00\x00\x00\x00\x00\x00\x00\x00\x00\x00\x00\x00" +
	"\x00\x00\x00\x00\x00\x00\x00\x00\x00\x00\x00\x00\x00\x00\x00\x00\x00\x00\x00\x00\x00\x00\x00\x00\x00\x00\x00\x00\x00\x00\x00\x00" +
	"\x00\x00\x00\x00\x00\x00\x00\x00\x00\x00\x00\x00\x00\x00\x00\x00\x00\x00\x00\x00\x00\x00\x00\x00\x00\x00\x00\x00\x00\x00\x00\x00" +
	"\x00\x00\x00\x00\x00\x00\x00\x00\x00\x00\x00\x00\x00\x00\x00\x00\x00\x00\x00\x00\x00\x00\x00\x00\x00\x00\x00\x00\x00\x00\x00\x00" +
	"\x00\x00\x00\x00\x00\x00\x00\x00\x00\x00\x00\x00\x00\x00\x00\x00\x00\x00\x00\x00\x00\x00\x00\x00\x00\x00\x00\x00\x00\x00\x00\x00" +
	"\x00\x00\x00\x00\x00\x00\x00\x00\x00\x00\x00\x00\x00\x00\x00\x00\x00\x00\x00\x00\x00\x00\x00\x00\x00\x00\x00\x00\x00\x00\x00\x00" +
	"\x00\x00\x00\x00\x00\x00\x00\x00\x00\x00\x00\x00\x00\x00\x00\x00\x00\x00\x00\x00\x00\x00\x00\x00\x00\x00\x00\x00\x00\x00\x00\x00" +
	"\x00\x00\x00\x00\x00\x00\x00\x00\x00\x00\x00\x00\x00\x00\x00\x00\x00\x00\x00\x00\x00\x00\x00\x00\x00\x00\x00\x00\x00\x00\x00\x00" +
	"\x00\x00\x00\x00\x00\x00\x00\x00\x00\x00\x00\x00\x00\x00\x00\x00\x00\x00\x00\x00\x00\x00\x00\x00\x00\x00\x00\x00\x00\x00\x00\x00" +
	"\x00\x00\x00\x00\x00\x00\x00\x00\x00\x00\x00\x00\x00\x00\x00\x00\x00\x00\x00\x00\x00\x00\x00\x00\x00\x00\x00\x00\x00\x00\x00\x00" +
	"\x00\x00\x00\x00\x00\x00\x00\x00\x00\x00\x00\x00\x00\x00\x00\x00\x00\x00\x00\x00\x00\x00\x00\x00\x00\x00\x00\x00\x00\x00\x00\x00" +
	"\x00\x00\x00\x00\x00\x00\x00\x00\x00\x00\x00\x00\x00\x00\x00\x00\x00\x00\x00\x00\x00\x00\x00\x00\x00\x00\x00\x00\x00\x00\x00\x00" +
	"\x00\x00\x00\x00\x00\x00\x00\x00\x00\x00\x00\x00\x00\x00\x00\x00\x00\x00\x00\x00\x00\x00\x00\x00\x00\x00\x00\x00\x00\x00\x00\x00" +
	"\x00\x00\x00\x00\x00\x00\x00\x00\x00\x00\x00\x00\x00\x00\x00\x00\x00\x00\x00\x00\x00\x00\x00\x00\x00\x00\x00\x00\x00\x00\x00\x00" +
	"\x00\x00\x00\x00\x00\x00\x00\x00\x00\x00\x00\x00\x00\x00\x00\x00\x00\x00\x00\x00\x00\x00\x00\x00\x00\x00\x00\x00\x00\x00\x00\x00" +
	"\x00\x00\x00\x00\x00\x00\x00\x00\x00\x00\x00\x00\x00\x00\x00\x00\x00\x00\x00\x00\x00\x00\x00\x00\x00\x00\x00\x00\x00\x00\x00\x00" +
	"\x00\x00\x00\x00\x00\x00\x00\x00\x00\x00\x00\x00\x00\x00\x00\x00\x00\x00\x00\x00\x00\x00\x00\x00\x00\x00\x00\x00\x00\x00\x00\x00" +
	"\x00\x00\x00\x00\x00\x00\x00\x00\x00\x00\x00\x00\x00\x00\x00\x00\x00\x00\x00\x00\x00\x00\x00\x00\x00\x00\x00\x00\x00\x00\x00\x00" +
	"\x00\x00\x00\x00\x00\x00\x00\x00\x00\x00\x00\x00\x00\x00\x00\x00\x00\x00\x00\x00\x00\x00\x00\x00\x00\x00\x00\x00\x00\x00\x00\x00" +
	"\x00\x00\x00\x00\x00\x00\x00\x00\x00\x00\x00\x00\x00\x00\x00\x00\x00\x00\x00\x00\x00\x00\x00\x00\x00\x00\x00\x00\x00\x00\x00\x00" +
	"\x00\x00\x00\x08\x08\x08\x08\x08\x08\x08\x08\x08\x08\x08\x08\x08\x08\x08\x08\x19\x19\x19\x19\x19\x19\x19\x19\x19\x19\x19\x19\x19" +
	"\x19\x19\x19\x19\x19\x19\x19\x19\x19\x19\x19\x19\x19\x19\x01\x16\x16\x16\x16\x16\x16\x16\x16\x16\x16\x16\x16\x16\x16\x16\x3e\x3e" +
	"\x3e\x3e\x3e\x3e\x3e\x3e\x3e\x3e\x3e\x3e\x3e\x3e\x3e\x3e\x3e\x3e\x3e\x3e\x3e\x3e\x3e\x3e\x3e\x3e\x3e\x3e\x3e\x3e\x3e\x3e\x00\x00" +
	"\x00\x00\x00\x3f\x3f\x3f\x3f\x3f\x00\x00\x00\x00\x00\x00\x00\x00\x00\x00\x19\x19\x19\x19\x19\x19\x19\x19\x19\x19\x00\x00\x00\x00" +
	"\x00\x00\x00\x00\x00\x00\x19\x19\x19\x19\x19\x19\x19\x19\x19\x19\x00\x00\x00\x00\x00\x00\x00\x00\x00\x00\x00\x00\x00\x00\x00\x00" +
	"\x00\x00\x00\x00\x00\x00\x00\x00\x00\x00\x00\x00\x00\x00\x00\x00\x00\x00\x00\x00\x00\x00\x00\x00\x19\x19\x19\x19\x19\x19\x19\x19" +
	"\x19\x19\x19\x19\x19\x19\x19\x19\x19\x19\x19\x19\x19\x19\x19\x19\x19\x19\x19\x19\x19\x19\x19\x19\x19\x19\x19\x19\x19\x19\x19\x19" +
	"\x3b\x3b\x3b\x3b\x3b\x3b\x3b\x3b\x14\x00\x00\x40\x41\x41\x41\x41\x41\x41\x41\x41\x41\x41\x41\x41\x00\x00\x00\x07\x07\x00\x00\x00" +
	"\x00\x00\x00\x00\x00\x00\x00\x00\x00\x00\x00\x00\x00\x00\x00\x00\x00\x00\x00\x00\x00\x00\x00\x00\x00\x00\x00\x00\x00\x00\x00\x00" +
	"\x00\x00\x00\x00\x00\x00\x00\x00\x00\x00\x00\x00\x00\x00\x00\x00\x00\x00\x00\x00\x00\x00\x00\x00\x00\x00\x00\x00\x00\x00\x00\x00" +
	"\x00\x00\x00\x00\x00\x00\x00\x00\x00\x00\x00\x00\x00\x00\x00\x00\x00\x00\x00\x00\x00\x00\x00\x00\x00\x00\x00\x00\x00\x00\x00\x00" +
	"\x00\x00\x00\x00\x00\x00\x00\x00\x00\x00\x00\x00\x00\x00\x00\x00\x00\x00\x00\x00\x00\x00\x00\x00\x00\x00\x00\x00\x00\x00\x00\x00" +
	"\x00\x00\x00\x00\x00\x00\x00\x00\x00\x00\x00\x00\x00\x00\x00\x00\x00\x00\x00\x00\x00\x00\x00\x00\x00\x00\x00\x00\x00\x00\x00\x00" +
	"\x00\x00\x00\x00\x00\x00\x00\x00\x00\x00\x00\x00\x00\x00\x00\x00\x00\x00\x00\x00\x00\x00\x00\x00\x00\x00\x00\x00\x00\x00\x00\x00" +
	"\x00\x00\x00\x00\x00\x00\x00\x00\x00\x00\x00\x00\x00\x00\x00\x00\x00\x00\x00\x00\x00\x00\x00\x00\x00\x00\x00\x00\x00\x00\x00\x00" +
	"\x00\x00\x00\x00\x00\x00\x00\x00\x00\x00\x00\x00\x00\x00\x00\x00\x00\x00\x00\x00\x00\x00\x00\x00\x00\x00\x00\x00\x00\x00\x00\x00" +
	"\x00\x00\x00\x00\x00\x00\x00\x00\x00\x00\x00\x00\x00\x00\x00\x00\x00\x00\x00\x00\x00\x00\x00\x00\x00\x00\x00\x00\x00\x00\x00\x00" +
	"\x00\x00\x00\x00\x00\x00\x00\x00\x00\x00\x00\x00\x00\x00\x00\x00\x00\x00\x00\x00\x00\x00\x00\x00\x00\x00\x00\x00\x00\x00\x00\x00" +
	"\x00\x00\x00\x00\x00\x00\x00\x00\x00\x00\x00\x00\x00\x00\x00\x00\x00\x00\x00\x00\x00\x00\x00\x00\x00\x00\x00\x00\x00\x00\x00\x00" +
	"\x00\x00\x00\x00\x00\x00\x00\x00\x00\x00\x00\x00\x00\x00\x00\x00\x00\x00\x00\x00\x00\x00\x00\x00\x00\x00\x00\x00\x00\x00\x00\x00" +
	"\x00\x00\x00\x00\x00\x00\x00\x00\x00\x00\x00\x00\x00\x00\x00\x00\x00\x00\x00\x00\x00\x00\x00\x00\x00\x00\x00\x00\x00\x00\x00\x00" +
	"\x00\x00\x00\x00\x00\x00\x00\x00\x00\x00\x00\x00\x00\x00\x00\x00\x00\x00\x00\x00\x00\x00\x00\x00\x00\x00\x00\x00\x00\x00\x00\x00" +
	"\x00\x00\x00\x00\x00\x00\x00\x00\x00\x00\x00\x00\x00\x00\x00\x00\x00\x00\x00\x00\x00\x00\x00\x00\x00\x00\x00\x00\x00\x00\x00\x00" +
	"\x00\x00\x00\x00\x00\x00\x00\x00\x00\x00\x00\x00\x00\x00\x00\x00\x00\x00\x00\x00\x00\x00\x00\x00\x00\x00\x00\x00\x00\x00\x00\x00" +
	"\x00\x00\x00\x00\x00\x00\x00\x00\x00\x00\x00\x00\x00\x00\x00\x00\x00\x00\x00\x00\x00\x00\x00\x00\x00\x00\x00\x00\x00\x00\x00\x00" +
	"\x00\x00\x00\x00\x00\x00\x00\x00\x00\x00\x00\x00\x00\x00\x00\x00\x00\x00\x00\x00\x00\x00\x00\x00\x00\x00\x00\x00\x00\x00\x00\x00" +
	"\x00\x00\x00\x00\x00\x00\x00\x00\x00\x00\x00\x00\x00\x00\x00\x00\x00\x00\x00\x00\x00\x00\x00\x00\x00\x00\x00\x00\x00\x00\x00\x00" +
	"\x00\x00\x00\x00\x00\x00\x00\x00\x00\x00\x00\x00\x00\x00\x00\x00\x00\x00\x00\x00\x00\x00\x00\x00\x00\x00\x00\x00\x00\x00\x00\x00" +
	"\x00\x00\x00\x00\x00\x00\x00\x00\x00\x00\x00\x00\x00\x00\x00\x00\x00\x00\x00\x00\x00\x00\x00\x00\x00\x00\x00\x00\x00\x00\x00\x00" +
	"\x00\x00\x00\x00\x00\x00\x00\x00\x00\x00\x00\x00\x00\x00\x00\x00\x00\x00\x00\x00\x00\x00\x00\x00\x00\x00\x00\x00\x00\x00\x00\x00" +
	"\x00\x00\x00\x00\x00\x00\x00\x00\x00\x00\x00\x00\x00\x00\x00\x00\x00\x00\x00\x00\x00\x00\x00\x00\x00\x00\x00\x00\x00\x00\x00\x00" +
	"\x00\x00\x00\x00\x00\x00\x00\x00\x00\x00\x00\x00\x00\x00\x00\x00\x00\x00\x00\x00\x00\x00\x00\x00\x00\x00\x00\x00\x00\x00\x00\x00" +
	"\x00\x00\x00\x00\x00\x00\x00\x00\x00\x00\x00\x00\x00\x00\x00\x00\x00\x00\x00\x00\x00\x00\x00\x00\x00\x00\x00\x00\x00\x00\x00\x00" +
	"\x00\x00\x00\x00\x00\x00\x00\x00\x00\x00\x00\x00\x00\x00\x00\x00\x00\x00\x00\x00\x00\x00\x00\x00\x00\x00\x00\x00\x00\x00\x00\x00" +
	"\x00\x00\x00\x00\x00\x00\x00\x00\x00\x00\x00\x00\x00\x00\x00\x00\x00\x00\x00\x00\x00\x00\x00\x00\x00\x00\x00\x00\x00\x00\x00\x00" +
	"\x00\x00\x00\x00\x00\x00\x00\x00\x00\x00\x00\x00\x00\x36\x36\x36\x36\x36\x36\x36\x36\x36\x36\x36\x36\x36\x36\x36\x36\x36\x36\x36" +
	"\x36\x36\x36\x36\x36\x36\x36\x36\x36\x36\x36\x36\x36\x36\x36\x36\x36\x36\x36\x36\x36\x36\x36\x36\x36\x36\x36\x36\x36\x36\x36\x36" +
	"\x36\x36\x36\x36\x36\x36\x36\x36\x36\x36\x36\x36\x36\x36\x36\x36\x36\x36\x36\x36\x36\x36\x36\x36\x36\x36\x36\x36\x36\x00\x00\x00" +
	"\x00\x00\x00\x00\x00\x00\x00\x00\x00\x00\x00\x00\x00\x00\x00\x00\x00\x00\x00\x00\x00\x00\x00\x00\x00\x00\x00\x00\x00\x00\x00\x00" +
	"\x00\x00\x00\x00\x00\x00\x00\x00\x00\x00\x00\x00\x00\x00\x00\x00\x00\x00\x00\x00\x00\x00\x00\x00\x00\x00\x00\x00\x00\x00\x00\x00" +
	"\x00\x00\x00\x00\x00\x00\x00\x00\x00\x00\x00\x00\x00\x00\x00\x00\x00\x00\x00\x00\x00\x00\x00\x00\x00\x00\x00\x00\x00\x00\x00\x00" +
	"\x00\x00\x00\x00\x00\x00\x00\x00\x00\x00\x00\x00\x00\x00\x00\x00\x00\x00\x00\x00\x00\x00\x00\x00\x00\x00\x00\x00\x00\x00\x00\x00" +
	"\x00\x00\x00\x00\x00\x00\x00\x00\x00\x00\x00\x00\x00\x00\x00\x00\x00\x00\x00\x00\x00\x00\x00\x00\x00\x00\x00\x00\x00\x00\x00\x00" +
	"\x00\x00\x00\x00\x00\x00\x00\x00\x00\x00\x00\x00\x00\x00\x00\x00\x00\x00\x00\x00\x00\x00\x00\x00\x00\x00\x00\x00\x00\x00\x00\x00" +
	"\x00\x00\x00\x00\x00\x00\x00\x00\x00\x00\x00\x00\x00\x00\x00\x00\x00\x00\x00\x00\x00\x00\x00\x00\x00\x36\x36\x36\x36\x36\x36\x00" +
	"\x00\x00\x00\x00\x00\x00\x00\x00\x00\x00\x00\x00\x00\x00\x00\x00\x00\x00\x00\x00\x00\x00\x00\x00\x00\x00\x00\x00\x00\x00\x00\x00" +
	"\x00\x00\x00\x00\x00\x00\x00\x00\x00\x00\x00\x00\x00\x00\x00\x00\x00\x00\x00\x00\x00\x00\x00\x00\x00\x00\x00\x00\x00\x00\x00\x00" +
	"\x00\x00\x00\x00\x00\x00\x00\x00\x00\x00\x00\x00\x00\x00\x00\x00\x00\x00\x00\x00\x00\x00\x00\x00\x00\x00\x00\x00\x00\x00\x00\x00" +
	"\x00\x00\x00\x00\x00\x00\x00\x00\x00\x00\x00\x00\x00\x00\x00\x00\x00\x00\x00\x00\x00\x00\x00\x00\x00\x00\x00\x00\x00\x00\x00\x00" +
	"\x00\x00\x00\x00\x00\x00\x00\x00\x00\x00\x00\x00\x00\x00\x00\x00\x00\x00\x00\x00\x00\x00\x00\x00\x00\x00\x00\x00\x00\x00\x00\x00" +
	"\x00\x00\x00\x00\x00\x00\x00\x00\x00\x00\x00\x00\x00\x00\x00\x00\x00\x00\x00\x00\x00\x00\x00\x00\x00\x00\x00\x00\x00\x00\x00\x00" +
	"\x00\x00\x00\x00\x00\x00\x00\x00\x00\x00\x00\x00\x00\x00\x00\x00\x00\x00\x00\x00\x00\x00\x00\x00\x00\x00\x00\x00\x00\x00\x00\x00" +
	"\x00\x00\x00\x00\x00\x00\x00\x00\x00\x00\x00\x00\x00\x00\x00\x00\x00\x00\x00\x00\x00\x00\x00\x00\x00\x00\x00\x00\x00\x00\x00\x00" +
	"\x00\x00\x00\x00\x00\x00\x00\x00\x00\x00\x00\x00\x00\x00\x00\x00\x00\x00\x00\x00\x00\x00\x00\x00\x00\x00\x00\x00\x00\x00\x00\x00" +
	"\x00\x00\x00\x00\x00\x00\x00\x00\x00\x00\x00\x00\x00\x00\x00\x00\x00\x00\x00\x00\x00\x00\x00\x00\x00\x00\x00\x00\x00\x00\x00\x00" +
	"\x00\x00\x00\x00\x00\x00\x00\x00\x00\x00\x00\x00\x00\x00\x00\x00\x00\x00\x00\x00\x00\x00\x00\x00\x00\x00\x00\x00\x00\x00\x00\x00" +
	"\x00\x00\x00\x00\x00\x00\x00\x00\x00\x00\x00\x00\x00\x00\x00\x00\x00\x00\x00\x00\x00\x00\x00\x00\x00\x00\x00\x00\x00\x00\x00\x00" +
	"\x00\x00\x00\x00\x00\x00\x00\x00\x00\x00\x00\x00\x00\x00\x00\x00\x00\x00\x00\x00\x00\x00\x00\x00\x00\x00\x00\x00\x00\x00\x00\x00" +
	"\x00\x00\x00\x00\x00\x00\x00\x00\x00\x00\x00\x00\x00\x00\x00\x00\x00\x00\x00\x00\x00\x00\x00\x00\x00\x00\x00\x00\x00\x00\x00\x00" +
	"\x00\x00\x00\x00\x00\x00\x00\x00\x00\x00\x00\x00\x00\x00\x00\x00\x00\x00\x00\x00\x00\x00\x00\x00\x00\x00\x00\x00\x00\x00\x00\x00" +
	"\x00\x00\x00\x00\x00\x00\x00\x00\x00\x00\x00\x00\x00\x00\x00\x00\x00\x00\x00\x00\x00\x00\x00\x00\x00\x00\x00\x00\x00\x00\x00\x00" +
	"\x00\x00\x00\x00\x00\x00\x00\x00\x00\x00\x00\x00\x00\x00\x00\x00\x00\x00\x00\x00\x00\x00\x00\x00\x00\x00\x00\x00\x00\x00\x00\x00" +
	"\x00\x00\x00\x00\x00\x00\x00\x00\x00\x00\x00\x00\x00\x00\x00\x00\x00\x00\x00\x00\x00\x00\x00\x00\x00\x00\x00\x00\x00\x00\x00\x00" +
	"\x00\x00\x00\x00\x00\x00\x00\x00\x00\x00\x00\x00\x00\x00\x00\x00\x00\x00\x00\x00\x00\x00\x00\x00\x00\x00\x00\x00\x00\x00\x00\x00" +
	"\x00\x00\x00\x00\x00\x00\x00\x00\x00\x00\x00\x00\x00\x00\x00\x00\x00\x00\x00\x00\x00\x00\x00\x00\x00\x00\x00\x00\x00\x00\x00\x00" +
	"\x00\x00\x00\x00\x00\x00\x00\x00\x00\x00\x00\x00\x00\x00\x00\x00\x00\x00\x00\x00\x00\x00\x00\x00\x00\x00\x00\x00\x00\x00\x00\x00" +
	"\x00\x00\x00\x00\x00\x00\x00\x00\x00\x00\x00\x00\x00\x00\x00\x00\x00\x00\x00\x00\x00\x00\x00\x00\x00\x00\x00\x00\x00\x00\x00\x00" +
	"\x00\x00\x00\x00\x00\x00\x00\x00\x00\x00\x00\x00\x00\x00\x00\x00\x00\x00\x00\x00\x00\x00\x00\x00\x00\x00\x00\x00\x00\x00\x00\x00" +
	"\x00\x00\x00\x00\x00\x00\x00\x00\x00\x00\x00\x00\x00\x00\x00\x00\x00\x00\x00\x00\x00\x00\x00\x00\x00\x00\x00\x00\x00\x00\x00\x00" +
	"\x00\x00\x00\x00\x00\x00\x00\x00\x00\x00\x00\x00\x00\x00\x00\x00\x00\x00\x00\x00\x00\x00\x00\x00\x00\x00\x00\x00\x00\x00\x00\x00" +
	"\x00\x00\x00\x00\x00\x00\x00\x00\x00\x00\x00\x00\x00\x00\x00\x00\x00\x00\x00\x00\x00\x00\x00\x00\x00\x00\x00\x00\x00\x00\x00\x00" +
	"\x00\x00\x00\x00\x00\x00\x00\x00\x00\x00\x00\x00\x00\x00\x00\x00\x00\x00\x00\x00\x00\x00\x00\x00\x00\x00\x00\x00\x00\x00\x00\x00" +
	"\x00\x00\x00\x00\x00\x00\x00\x00\x00\x00\x00\x00\x00\x00\x00\x00\x00\x00\x00\x00\x00\x00\x00\x00\x00\x00\x00\x00\x00\x00\x00\x00" +
	"\x00\x00\x00\x00\x00\x00\x00\x00\x00\x00\x00\x00\x00\x00\x00\x00\x00\x00\x00\x00\x00\x00\x00\x00\x00\x00\x00\x00\x00\x00\x00\x00" +
	"\x00\x00\x00\x00\x00\x00\x00\x00\x00\x00\x00\x00\x00\x00\x00\x00\x00\x00\x00\x00\x00\x00\x00\x00\x00\x00\x00\x00\x00\x00\x00\x00" +
	"\x00\x00\x00\x00\x00\x00\x00\x00\x00\x00\x00\x00\x00\x00\x00\x00\x00\x00\x00\x00\x00\x00\x00\x00\x00\x00\x00\x00\x00\x00\x00\x00" +
	"\x00\x00\x00\x00\x00\x00\x00\x00\x00\x00\x00\x00\x00\x00\x00\x00\x00\x00\x00\x00\x00\x00\x00\x00\x00\x00\x00\x00\x00\x00\x00\x00" +
	"\x00\x00\x00\x00\x00\x00\x00\x00\x00\x00\x00\x00\x00\x00\x00\x00\x00\x00\x00\x00\x00\x00\x00\x00\x00\x00\x00\x00\x00\x00\x00\x00" +
	"\x00\x00\x00\x00\x00\x00\x00\x00\x00\x00\x00\x00\x00\x00\x00\x00\x00\x00\x00\x00\x00\x00\x00\x00\x00\x00\x00\x00\x00\x00\x00\x00" +
	"\x00\x00\x00\x00\x00\x00\x00\x00\x00\x00\x00\x00\x00\x00\x00\x00\x00\x00\x00\x00\x00\x00\x00\x00\x00\x00\x00\x00\x00\x00\x00\x00" +
	"\x00\x00\x00\x00\x00\x00\x00\x00\x00\x00\x00\x00\x00\x00\x00\x00\x00\x00\x00\x00\x00\x00\x00\x00\x00\x00\x00\x00\x00\x00\x00\x00" +
	"\x00\x00\x00\x00\x00\x00\x00\x00\x00\x00\x00\x00\x00\x00\x00\x00\x00\x00\x00\x00\x00\x00\x00\x00\x00\x00\x00\x00\x00\x00\x00\x00" +
	"\x00\x00\x00\x00\x00\x00\x00\x00\x00\x00\x00\x00\x00\x00\x00\x00\x00\x00\x00\x00\x00\x00\x00\x00\x00\x00\x00\x00\x00\x00\x00\x00" +
	"\x00\x00\x00\x00\x00\x00\x00\x00\x00\x00\x00\x00\x00\x00\x00\x00\x00\x00\x00\x00\x00\x00\x00\x00\x00\x00\x00\x00\x00\x00\x00\x00" +
	"\x00\x00\x00\x00\x00\x00\x00\x00\x00\x00\x00\x00\x00\x00\x00\x00\x00\x00\x00\x00\x00\x00\x00\x00\x00\x00\x00\x00\x00\x00\x00\x00" +
	"\x00\x00\x00\x00\x00\x00\x00\x00\x00\x00\x00\x00\x00\x00\x00\x00\x00\x00\x00\x00\x00\x00\x00\x00\x00\x00\x00\x00\x00\x00\x00\x00" +
	"\x00\x00\x00\x00\x00\x00\x00\x00\x00\x00\x00\x00\x00\x00\x00\x00\x00\x00\x00\x00\x00\x00\x00\x00\x00\x00\x00\x00\x00\x00\x00\x00" +
	"\x00\x00\x00\x00\x00\x00\x00\x00\x00\x00\x00\x00\x00\x00\x00\x00\x00\x00\x00\x00\x00\x00\x00\x00\x00\x00\x00\x00\x00\x00\x00\x00" +
	"\x00\x00\x00\x00\x00\x00\x00\x00\x00\x00\x00\x00\x00\x00\x00\x00\x00\x00\x00\x00\x00\x00\x00\x00\x00\x00\x00\x00\x00\x00\x00\x00" +
	"\x00\x00\x00\x00\x00\x00\x00\x00\x00\x00\x00\x00\x00\x00\x00\x00\x00\x00\x00\x00\x00\x00\x00\x00\x00\x00\x00\x00\x00\x00\x00\x00" +
	"\x00\x00\x00\x00\x00\x00\x00\x00\x00\x00\x00\x00\x00\x00\x00\x00\x00\x00\x00\x00\x00\x00\x00\x00\x00\x00\x00\x00\x00\x00\x00\x00" +
	"\x00\x00\x00\x00\x00\x00\x00\x00\x00\x00\x00\x00\x00\x00\x00\x00\x00\x00\x00\x00\x00\x00\x00\x00\x00\x00\x00\x00\x00\x00\x00\x00" +
	"\x00\x00\x00\x00\x00\x00\x00\x00\x00\x00\x00\x00\x00\x00\x00\x00\x00\x00\x00\x00\x00\x00\x00\x00\x00\x00\x00\x00\x00\x00\x00\x00" +
	"\x00\x00\x00\x00\x00\x00\x00\x00\x00\x00\x00\x00\x00\x00\x00\x00\x00\x00\x00\x00\x00\x00\x00\x00\x00\x00\x00\x00\x00\x00\x00\x00" +
	"\x00\x00\x00\x00\x00\x00\x00\x00\x00\x00\x00\x00\x00\x00\x00\x00\x00\x00\x00\x00\x00\x00\x00\x00\x00\x00\x00\x00\x00\x00\x00\x00" +
	"\x00\x00\x00\x00\x00\x00\x00\x00\x00\x00\x00\x00\x00\x00\x00\x00\x00\x00\x00\x00\x00\x00\x00\x00\x00\x00\x00\x00\x00\x00\x00\x00" +
	"\x00\x00\x00\x00\x00\x00\x00\x00\x00\x00\x00\x00\x00\x00\x00\x00\x00\x00\x00\x00\x00\x00\x00\x00\x00\x00\x00\x00\x00\x00\x00\x00" +
	"\x00\x00\x00\x00\x00\x00\x00\x00\x00\x00\x00\x00\x00\x00\x00\x00\x00\x00\x00\x00\x00\x00\x00\x00\x00\x00\x00\x00\x00\x00\x00\x00" +
	"\x00\x00\x00\x00\x00\x00\x00\x00\x00\x00\x00\x00\x00\x00\x00\x00\x00\x00\x00\x00\x00\x00\x00\x00\x00\x00\x00\x00\x00\x00\x00\x00" +
	"\x00\x00\x00\x00\x00\x00\x00\x00\x00\x00\x00\x00\x00\x00\x00\x00\x00\x00\x00\x00\x00\x00\x00\x00\x00\x00\x00\x00\x00\x00\x00\x00" +
	"\x00\x00\x00\x00\x00\x00\x00\x00\x00\x00\x00\x00\x00\x00\x00\x00\x00\x00\x00\x00\x00\x00\x00\x00\x00\x00\x00\x00\x00\x00\x00\x00" +
	"\x00\x00\x00\x00\x00\x00\x00\x00\x00\x00\x00\x00\x00\x00\x00\x00\x00\x00\x00\x00\x00\x00\x00\x00\x00\x00\x00\x00\x00\x00\x00\x00" +
	"\x00\x00\x00\x00\x00\x00\x00\x00\x00\x00\x00\x00\x00\x00\x00\x00\x00\x00\x00\x00\x00\x00\x00\x00\x00\x00\x00\x00\x00\x00\x00\x00" +
	"\x00\x00\x00\x00\x00\x00\x00\x00\x00\x00\x00\x00\x00\x00\x00\x00\x00\x00\x00\x00\x00\x00\x00\x00\x00\x00\x00\x00\x00\x00\x00\x00" +
	"\x00\x00\x00\x00\x00\x00\x00\x00\x00\x00\x00\x00\x00\x00\x00\x00\x00\x00\x00\x00\x00\x00\x00\x00\x00\x00\x00\x00\x00\x00\x00\x00" +
	"\x00\x00\x00\x00\x00\x00\x00\x00\x00\x00\x00\x00\x00\x00\x00\x00\x00\x00\x00\x00\x00\x00\x00\x00\x00\x00\x00\x00\x00\x00\x00\x00" +
	"\x00\x00\x00\x2d\x2d\x2d\x2d\x2d\x2d\x2d\x2d\x2d\x2d\x2d\x2d\x2d\x2d\x2d\x2d\x2d\x2d\x2d\x2d\x2d\x2d\x2d\x2d\x2d\x2d\x2d\x2d\x2d" +
	"\x2d\x2d\x2d\x2d\x2d\x2d\x2d\x2d\x2d\x2d\x2d\x2d\x2d\x2d\x2d\x2d\x2d\x2d\x2d\x2d\x2d\x2d\x2d\x2d\x2d\x2d\x2d\x2d\x2d\x2d\x2d\x2d" +
	"\x2d\x2d\x2d\x2d\x2d\x2d\x2d\x2d\x2d\x2d\x2d\x2d\x2d\x2d\x2d\x2d\x2d\x2d\x2d\x2d\x2d\x2d\x2d\x2d\x2d\x2d\x2d\x2d\x2d\x2d\x2d\x2d" +
	"\x2d\x2d\x2d\x2d\x2d\x2d\x2d\x2d\x2d\x2d\x2d\x2d\x2d\x2d\x2d\x2d\x2d\x2d\x2d\x2d\x2d\x2d\x2d\x2d\x2d\x2d\x2d\x2d\x2d\x2d\x2d\x2d" +
	"\x2d\x2d\x2d\x2d\x2d\x2d\x2d\x2d\x2d\x2d\x2d\x2d\x2d\x2d\x2d\x2d\x2d\x2d\x2d\x2d\x2d\x2d\x2d\x2d\x2d\x2d\x2d\x2d\x2d\x2d\x2d\x2d" +
	"\x2d\x2d\x2d\x2d\x2d\x2d\x2d\x2d\x2d\x2d\x2d\x2d\x2d\x2d\x2d\x2d\x2d\x2d\x2d\x2d\x2d\x2d\x2d\x2d\x2d\x2d\x2d\x2d\x2d\x2d\x2d\x2d" +
	"\x2d\x2d\x2d\x2d\x2d\x2d\x2d\x2d\x2d\x2d\x2d\x2d\x2d\x2d\x2d\x2d\x2d\x2d\x2d\x2d\x2d\x2d\x2d\x2d\x2d\x2d\x2d\x2d\x2d\x2d\x2d\x2d" +
	"\x2d\x2d\x2d\x2d\x2d\x2d\x2d\x2d\x2d\x2d\x2d\x2d\x2d\x2d\x2d\x2d\x2d\x2d\x2d\x2d\x2d\x2d\x2d\x2d\x2d\x2d\x2d\x2d\x2d\x2d\x2d\x2d" +
	"\x2d\x2d\x2d\x2d\x2d\x2d\x2d\x2d\x2d\x2d\x2d\x2d\x2d\x2d\x2d\x2d\x2d\x2d\x2d\x2d\x2d\x2d\x2d\x2d\x2d\x2d\x2d\x2d\x2d\x2d\x2d\x2d" +
	"\x2d\x2d\x2d\x2d\x2d\x2d\x2d\x2d\x2d\x2d\x2d\x2d\x2d\x2d\x2d\x2d\x2d\x2d\x2d\x2d\x2d\x2d\x2d\x2d\x2d\x2d\x2d\x2d\x2d\x2d\x2d\x2d" +
	"\x2d\x2d\x2d\x2d\x2d\x2d\x2d\x36\x36\x36\x36\x36\x36\x36\x36\x36\x36\x36\x36\x36\x36\x36\x36\x36\x36\x36\x36\x36\x36\x36\x36\x36" +
	"\x36\x36\x36\x36\x36\x36\x36\x36\x36\x36\x36\x36\x36\x36\x36\x36\x36\x36\x36\x36\x36\x36\x36\x36\x36\x36\x36\x36\x36\x36\x36\x36" +
	"\x36\x36\x36\x36\x36\x36\x36\x36\x36\x36\x36\x36\x36\x36\x36\x36\x36\x36\x36\x36\x36\x36\x36\x36\x36\x36\x36\x36\x36\x36\x36\x36" +
	"\x36\x36\x36\x36\x36\x36\x36\x36\x36\x36\x36\x36\x36\x36\x36\x36\x36\x36\x36\x36\x36\x36\x36\x36\x36\x36\x36\x36\x36\x36\x36\x36" +
	"\x36\x36\x36\x36\x36\x36\x36\x36\x36\x36\x36\x36\x36\x36\x36\x36\x36\x36\x36\x36\x36\x36\x36\x36\x36\x36\x36\x36\x36\x36\x36\x36" +
	"\x36\x36\x36\x36\x36\x36\x36\x36\x36\x36\x36\x36\x36\x36\x36\x36\x36\x36\x36\x36\x36\x36\x36\x36\x36\x36\x36\x36\x36\x36\x36\x36" +
	"\x36\x36\x36\x36\x36\x36\x36\x36\x36\x36\x36\x36\x36\x36\x36\x36\x36\x36\x36\x36\x36\x36\x36\x36\x36\x36\x36\x36\x36\x36\x36\x36" +
	"\x36\x36\x36\x36\x36\x36\x36\x36\x36\x36\x36\x36\x36\x36\x36\x36\x36\x36\x36\x36\x36\x36\x36\x36\x36\x36\x36\x36\x36\x36\x36\x36" +
	"\x36\x36\x36\x36\x36\x36\x36\x36\x36\x36\x36\x36\x36\x36\x36\x36\x36\x36\x36\x36\x36\x36\x36\x36\x36\x36\x36\x36\x36\x36\x36\x36" +
	"\x36\x36\x36\x36\x36\x36\x36\x36\x36\x36\x36\x36\x36\x36\x36\x36\x36\x36\x36\x36\x36\x36\x36\x36\x36\x36\x36\x36\x36\x36\x36\x36" +
	"\x36\x36\x36\x36\x36\x36\x36\x36\x36\x36\x36\x00\x00\x00\x00\x00\x00\x00\x00\x00\x00\x00\x00\x00\x00\x00\x00\x00\x00\x00\x00\x00" +
	"\x00\x00\x00\x00\x00\x00\x00\x00\x00\x00\x00\x00\x00\x00\x00\x00\x00\x00\x00\x00\x00\x00\x00\x00\x00\x00\x00\x00\x00\x00\x00\x00" +
	"\x00\x00\x00\x00\x00\x00\x00\x00\x00\x00\x00\x00\x00\x00\x00\x00\x00\x00\x00\x00\x00\x00\x00\x00\x00\x00\x00\x00\x00\x00\x00\x00" +
	"\x00\x00\x00\x00\x00\x00\x00\x00\x00\x00\x00\x00\x00\x00\x00\x00\x00\x00\x00\x00\x00\x00\x00\x00\x00\x00\x00\x00\x00\x00\x00\x00" +
	"\x00\x00\x00\x00\x00\x00\x00\x00\x00\x00\x00\x00\x00\x00\x00\x00\x00\x00\x00\x00\x00\x00\x00\x00\x00\x00\x00\x00\x00\x00\x00\x00" +
	"\x00\x00\x00\x00\x00\x00\x00\x00\x00\x00\x00\x00\x00\x00\x00\x00\x00\x00\x00\x00\x00\x00\x00\x00\x00\x00\x00\x00\x00\x00\x00\x00" +
	"\x00\x00\x00\x00\x00\x00\x00\x00\x00\x00\x00\x00\x00\x00\x00\x00\x00\x00\x00\x00\x00\x00\x00\x00\x00\x00\x00\x00\x00\x00\x00\x00" +
	"\x00\x00\x00\x00\x00\x00\x00\x00\x00\x00\x00\x00\x00\x00\x00\x00\x00\x00\x00\x00\x00\x00\x00\x00\x00\x00\x00\x00\x00\x00\x00\x00" +
	"\x00\x00\x00\x00\x00\x00\x00\x00\x00\x00\x00\x00\x00\x00\x00\x00\x00\x00\x00\x00\x00\x00\x00\x00\x00\x00\x00\x00\x00\x00\x00\x00" +
	"\x00\x00\x00\x00\x00\x00\x00\x00\x00\x00\x00\x00\x00\x00\x00\x00\x00\x00\x00\x00\x00\x00\x00\x00\x00\x00\x00\x00\x00\x00\x00\x00" +
	"\x00\x00\x00\x00\x00\x00\x00\x00\x00\x00\x00\x00\x00\x00\x00\x36\x36\x36\x36\x36\x36\x36\x36\x36\x36\x36\x36\x36\x36\x36\x36\x36" +
	"\x36\x36\x36\x36\x36\x36\x36\x36\x36\x36\x36\x36\x36\x36\x36\x36\x36\x36\x36\x36\x36\x36\x36\x36\x36\x36\x36\x36\x36\x36\x36\x36" +
	"\x36\x36\x36\x36\x36\x36\x36\x36\x36\x36\x36\x36\x36\x36\x36\x36\x36\x36\x36\x36\x36\x36\x36\x36\x36\x36\x36\x36\x36\x36\x36\x36" +
	"\x36\x36\x36\x36\x36\x36\x36\x36\x36\x36\x36\x36\x36\x36\x36\x36\x36\x36\x36\x36\x36\x36\x36\x36\x36\x36\x36\x36\x36\x36\x36\x36" +
	"\x36\x36\x36\x36\x36\x36\x36\x36\x36\x36\x36\x36\x36\x36\x36\x36\x36\x36\x36\x36\x36\x36\x36\x36\x36\x36\x36\x36\x36\x36\x36\x36" +
	"\x36\x36\x36\x36\x36\x36\x36\x36\x36\x36\x36\x36\x36\x36\x36\x36\x36\x36\x36\x36\x36\x36\x36\x36\x36\x36\x36\x36\x36\x36\x36\x36" +
	"\x36\x36\x36\x36\x36\x36\x36\x36\x36\x36\x36\x36\x36\x36\x36\x36\x36\x36\x36\x36\x36\x36\x36\x36\x36\x36\x36\x36\x36\x36\x36\x36" +
	"\x36\x36\x36\x36\x36\x36\x36\x36\x36\x36\x36\x36\x36\x36\x36\x36\x36\x36\x36\x36\x36\x36\x36\x36\x36\x36\x36\x36\x36\x36\x36\x36" +
	"\x36\x36\x36\x36\x36\x36\x36\x36\x36\x36\x36\x36\x36\x36\x36\x36\x36\x36\x36\x36\x36\x36\x36\x36\x36\x36\x36\x36\x36\x36\x36\x36" +
	"\x36\x36\x36\x36\x36\x36\x36\x36\x36\x36\x36\x36\x36\x36\x36\x36\x36\x36\x36\x36\x36\x36\x36\x36\x36\x36\x36\x36\x36\x36\x36\x36" +
	"\x36\x36\x36\x36\x36\x36\x36\x36\x36\x36\x36\x36\x36\x36\x36\x36\x36\x36\x36\x00\x00\x00\x00\x00\x00\x00\x00\x00\x00\x00\x00\x00" +
	"\x00\x00\x00\x00\x00\x00\x00\x00\x00\x00\x00\x00\x00\x00\x00\x00\x00\x00\x00\x00\x00\x00\x00\x00\x00\x00\x00\x00\x00\x00\x00\x00" +
	"\x00\x00\x00\x00\x00\x00\x00\x00\x00\x00\x00\x00\x00\x00\x00\x00\x00\x00\x00\x00\x00\x00\x00\x00\x00\x00\x00\x00\x00\x00\x00\x00" +
	"\x00\x00\x00\x00\x00\x00\x00\x00\x00\x00\x00\x00\x00\x00\x00\x00\x00\x00\x00\x00\x00\x00\x00\x00\x00\x00\x00\x00\x00\x00\x00\x00" +
	"\x00\x00\x00\x00\x00\x00\x00\x00\x00\x00\x00\x00\x00\x00\x00\x00\x00\x00\x00\x00\x00\x00\x00\x00\x00\x00\x00\x00\x00\x00\x00\x00" +
	"\x00\x00\x00\x00\x00\x00\x00\x00\x00\x00\x00\x00\x00\x00\x00\x00\x00\x00\x00\x00\x00\x00\x00\x00\x00\x00\x00\x00\x00\x00\x00\x00" +
	"\x00\x00\x00\x00\x00\x00\x00\x00\x00\x00\x00\x00\x00\x00\x00\x00\x00\x00\x00\x00\x00\x00\x00\x00\x00\x00\x00\x00\x00\x00\x00\x00" +
	"\x00\x00\x00\x00\x00\x00\x00\x00\x00\x00\x00\x00\x00\x00\x00\x00\x00\x00\x00\x00\x00\x00\x00\x00\x00\x00\x00\x00\x00\x00\x00\x00" +
	"\x00\x00\x00\x00\x00\x00\x00\x00\x00\x00\x00\x00\x00\x00\x00\x00\x00\x00\x00\x00\x00\x00\x00\x00\x00\x00\x00\x00\x00\x00\x00\x00" +
	"\x00\x00\x00\x00\x00\x00\x00\x00\x00\x00\x00\x00\x00\x00\x00\x00\x00\x00\x00\x00\x00\x00\x00\x00\x00\x00\x00\x00\x00\x00\x00\x00" +
	"\x00\x00\x00\x00\x00\x00\x00\x00\x00\x00\x00\x00\x00\x00\x00\x00\x00\x00\x00\x00\x00\x00\x00\x00\x00\x00\x00\x00\x00\x00\x00\x00" +
	"\x00\x00\x00\x00\x00\x00\x00\x00\x00\x00\x00\x00\x00\x00\x00\x00\x00\x00\x00\x00\x00\x00\x00\x00\x00\x00\x00\x00\x00\x00\x00\x00" +
	"\x00\x00\x00\x00\x00\x00\x00\x00\x00\x00\x00\x00\x00\x00\x00\x00\x00\x00\x00\x00\x00\x00\x00\x00\x00\x00\x00\x00\x00\x00\x00\x00" +
	"\x00\x00\x00\x00\x00\x00\x00\x00\x00\x00\x00\x00\x00\x00\x00\x00\x00\x00\x00\x00\x00\x00\x00\x00\x00\x00\x00\x00\x00\x00\x00\x00" +
	"\x00\x00\x00\x00\x00\x00\x00\x00\x00\x00\x00\x00\x00\x00\x00\x00\x00\x00\x00\x00\x00\x00\x00\x00\x00\x00\x00\x00\x00\x00\x00\x00" +
	"\x00\x00\x00\x00\x00\x00\x00\x00\x00\x00\x00\x00\x00\x00\x00\x00\x00\x00\x00\x00\x00\x00\x00\x00\x00\x00\x00\x00\x00\x00\x00\x00" +
	"\x00\x00\x00\x00\x00\x00\x00\x00\x00\x00\x00\x00\x00\x00\x00\x00\x00\x00\x00\x00\x00\x00\x00\x00\x00\x00\x00\x00\x00\x00\x00\x00" +
	"\x00\x00\x00\x00\x00\x00\x00\x00\x00\x00\x00\x00\x00\x00\x00\x00\x00\x00\x00\x00\x00\x00\x00\x00\x00\x00\x00\x00\x00\x00\x00\x00" +
	"\x00\x00\x00\x00\x00\x00\x00\x00\x00\x00\x00\x00\x00\x00\x00\x00\x00\x00\x00\x00\x00\x00\x00\x00\x00\x00\x00\x00\x00\x00\x00\x00" +
	"\x00\x00\x00\x00\x00\x00\x00\x00\x00\x00\x00\x00\x00\x00\x00\x00\x00\x00\x00\x00\x00\x00\x00\x00\x00\x00\x00\x00\x00\x00\x00\x00" +
	"\x00\x00\x00\x00\x00\x00\x00\x00\x00\x00\x00\x00\x00\x00\x00\x00\x00\x00\x00\x00\x00\x00\x00\x00\x00\x00\x00\x00\x00\x00\x00\x00" +
	"\x00\x00\x00\x00\x00\x00\x00\x00\x00\x00\x00\x00\x00\x00\x00\x00\x00\x00\x00\x00\x00\x00\x00\x00\x00\x00\x00\x00\x00\x00\x00\x00" +
	"\x00\x00\x00\x00\x00\x00\x00\x00\x00\x00\x00\x00\x00\x00\x00\x00\x00\x00\x00\x00\x00\x00\x00\x00\x00\x00\x00\x00\x00\x00\x00\x00" +
	"\x00\x00\x00\x00\x00\x00\x00\x00\x00\x00\x00\x00\x00\x00\x00\x00\x00\x00\x00\x00\x00\x00\x00\x00\x00\x00\x00\x00\x00\x00\x00\x00" +
	"\x00\x00\x00\x00\x00\x00\x00\x00\x00\x00\x00\x00\x00\x00\x00\x00\x00\x00\x00\x00\x00\x00\x00\x00\x00\x00\x00\x00\x00\x00\x00\x00" +
	"\x00\x00\x00\x00\x00\x00\x00\x00\x00\x00\x00\x00\x00\x00\x00\x00\x00\x00\x00\x00\x00\x00\x00\x00\x00\x00\x00\x00\x00\x00\x00\x00" +
	"\x00\x00\x00\x00\x00\x00\x00\x00\x00\x00\x00\x00\x00\x00\x00\x00\x00\x00\x00\x00\x00\x00\x00\x00\x00\x00\x00\x00\x00\x00\x00\x00" +
	"\x00\x00\x00\x00\x00\x00\x00\x00\x00\x00\x00\x00\x00\x00\x00\x00\x00\x00\x00\x00\x00\x00\x00\x00\x00\x00\x00\x00\x00\x00\x00\x00" +
	"\x00\x00\x00\x00\x00\x00\x00\x00\x00\x00\x00\x00\x00\x00\x00\x00\x00\x00\x00\x00\x00\x00\x00\x00\x00\x00\x00\x00\x00\x00\x00\x00" +
	"\x00\x00\x00\x00\x00\x00\x00\x00\x00\x00\x00\x00\x00\x00\x00\x00\x00\x00\x00\x00\x00\x00\x00\x00\x00\x00\x00\x00\x00\x00\x00\x00" +
	"\x00\x00\x00\x00\x00\x00\x00\x00\x00\x00\x00\x00\x00\x00\x00\x00\x00\x00\x00\x00\x00\x00\x00\x00\x00\x00\x00\x00\x00\x00\x00\x42" +
	"\x42\x42\x42\x42\x42\x42\x42\x42\x42\x42\x42\x42\x42\x42\x42\x42\x42\x42\x42\x42\x42\x42\x42\x42\x42\x42\x42\x42\x42\x42\x42\x03" +
	"\x03\x03\x03\x03\x03\x03\x03\x03\x03\x03\x03\x03\x03\x03\x03\x00\x00\x00\x00\x00\x00\x00\x00\x00\x00\x00\x00\x00\x00\x00\x00\x03" +
	"\x03\x00\x00\x00\x00\x00\x00\x00\x00\x00\x00\x00\x00\x03\x03\x03\x03\x03\x03\x03\x03\x03\x03\x03\x03\x03\x03\x03\x03\x03\x00\x00" +
	"\x00\x00\x39\x39\x39\x39\x39\x39\x39\x39\x39\x39\x39\x39\x39\x39\x39\x39\x39\x39\x39\x39\x39\x39\x39\x39\x39\x39\x39\x39\x39\x39" +
	"\x39\x39\x43\x43\x43\x43\x43\x43\x43\x43\x43\x43\x43\x43\x43\x43\x43\x43\x43\x43\x43\x43\x43\x43\x43\x43\x43\x43\x43\x43\x43\x43" +
	"\x43\x43\x43\x43\x43\x43\x43\x43\x43\x43\x03\x03\x03\x03\x03\x03\x03\x03\x03\x03\x03\x03\x03\x03\x03\x03\x03\x03\x03\x03\x03\x03" +
	"\x03\x03\x03\x03\x03\x03\x03\x03\x03\x03\x03\x03\x03\x03\x03\x03\x03\x03\x03\x03\x03\x03\x03\x03\x03\x03\x03\x03\x03\x03\x03\x03" +
	"\x03\x03\x03\x03\x03\x03\x03\x03\x03\x03\x44\x44\x44\x44\x45\x45\x45\x45\x45\x45\x45\x45\x45\x45\x45\x45\x46\x47\x3c\x48\x49\x45" +
	"\x45\x45\x45\x45\x45\x45\x45\x45\x45\x45\x45\x46\x47\x4a\x4b\x4b\x4b\x4b\x4b\x4b\x4b\x4b\x4b\x4b\x4b\x4b\x4b\x4b\x4b\x4b\x4b\x4b" +
	"\x4b\x4b\x4b\x4b\x4b\x4b\x4b\x4b\x4b\x4b\x4b\x4b\x4b\x4b\x4b\x4b\x4b\x4b\x4b\x4b\x4b\x4b\x4b\x4b\x4b\x4b\x4b\x4b\x4b\x4b\x4b\x4b" +
	"\x4b\x4b\x4b\x4b\x48\x4c\x4c\x4c\x4c\x4c\x4c\x4c\x4c\x4c\x4c\x4c\x4c\x4c\x4c\x4c\x4c\x4c\x4c\x4c\x4c\x4c\x4c\x4c\x4c\x4c\x4c\x4c" +
	"\x4c\x4c\x4c\x4c\x4c\x4c\x4c\x4c\x4c\x4c\x4c\x4c\x4c\x4c\x4c\x4c\x4c\x4c\x4c\x4c\x4c\x4c\x4c\x4c\x4c\x4c\x4c\x4c\x4c\x4c\x4c\x4c" +
	"\x4c\x4c\x4c\x4c\x4c\x4c\x4c\x4c\x4c\x4c\x4c\x4c\x4c\x4c\x4c\x4c\x4c\x4c\x4c\x4c\x4c\x4c\x4c\x4c\x4c\x4c\x4c\x4c\x4c\x4c\x4c\x4c" +
	"\x4c\x4c\x4c\x4c\x4c\x4c\x4c\x4c\x4c\x4c\x4c\x4c\x4c\x4c\x4c\x4c\x4c\x4c\x4c\x4c\x4c\x4c\x4c\x4c\x4c\x4c\x4c\x4c\x4c\x4c\x4c\x4c" +
	"\x4c\x4c\x4c\x4c\x4c\x4c\x4c\x4c\x4c\x4c\x4c\x4c\x4c\x4c\x4c\x4c\x4c\x4c\x4c\x4c\x4c\x4c\x4c\x4c\x4c\x4c\x4c\x4c\x4c\x4c\x4c\x4c" +
	"\x4c\x4c\x4c\x4c\x4c\x4c\x4c\x4c\x4c\x4c\x4c\x4c\x4c\x4c\x4c\x4c\x4c\x4c\x4c\x4c\x4c\x4c\x4c\x4c\x4c\x4c\x4c\x4c\x4c\x4c\x4c\x4c" +
	"\x4c\x4c\x4c\x4c\x4c\x4c\x4c\x4c\x4c\x4c\x4c\x4c\x4c\x4c\x4c\x4c\x4c\x4c\x4c\x4c\x4c\x4c\x4c\x4c\x4c\x4c\x4c\x4c\x4c\x4c\x4c\x4c" +
	"\x4c\x4c\x4c\x4c\x4c\x4c\x4c\x4c\x4c\x4c\x4c\x4c\x4c\x4c\x4c\x4c\x4c\x4c\x4c\x4c\x4c\x4c\x4c\x4c\x4c\x4c\x4c\x4c\x4c\x4c\x4c\x4c" +
	"\x4c\x4c\x4c\x4c\x4c\x4c\x4c\x4c\x4c\x4c\x4c\x4c\x4c\x4c\x4c\x4c\x4c\x4c\x4c\x4c\x4c\x4c\x4c\x4c\x4c\x4c\x4c\x4c\x4c\x4c\x4c\x4c" +
	"\x4c\x4c\x4c\x4c\x4c\x4c\x4c\x4c\x4c\x4c\x4c\x4c\x4c\x4c\x4c\x4c\x4c\x4c\x4c\x4c\x4c\x4c\x4c\x4c\x4c\x4c\x4c\x4c\x4c\x4c\x4c\x4c" +
	"\x4c\x4c\x4c\x4c\x4c\x4c\x4c\x4c\x4c\x4c\x4c\x4c\x4c\x4c\x4c\x4c\x4c\x4c\x4c\x4c\x4c\x4c\x4c\x4c\x4c\x4c\x4c\x4c\x4c\x4c\x4c\x4c" +
	"\x4c\x4c\x4c\x4c\x4c\x4c\x4c\x4c\x4c\x4c\x4c\x4c\x4c\x4c\x4c\x4c\x4c\x4c\x4c\x4c\x4c\x4c\x4c\x4c\x4c\x4c\x4c\x4c\x4c\x4c\x4c\x4c" +
	"\x4c\x4c\x4c\x4c\x4c\x4c\x4c\x4c\x4c\x4c\x4c\x4c\x4c\x4c\x4c\x4c\x4c\x4c\x4c\x4c\x4c\x4c\x4c\x4c\x4c\x4c\x4c\x4c\x4c\x4c\x4c\x4c" +
	"\x4c\x4c\x4c\x4c\x4c\x4c\x4c\x4c\x4c\x4c\x4c\x4c\x4c\x4c\x4c\x4c\x4c\x4c\x4c\x4c\x4c\x4c\x4c\x4c\x4c\x4c\x4c\x4c\x4c\x4c\x4c\x4c" +
	"\x4c\x4c\x4c\x4c\x4c\x4c\x4c\x4c\x4c\x4c\x4c\x4c\x4c\x4c\x4c\x4c\x4c\x4c\x4c\x4c\x4c\x4c\x4c\x4c\x4c\x4c\x4c\x4c\x4c\x4c\x4c\x4c" +
	"\x4c\x4c\x4c\x4c\x4c\x4c\x4c\x4c\x4c\x4c\x4c\x4c\x4c\x4c\x4c\x4c\x4c\x4c\x4c\x4c\x4c\x4c\x4c\x4c\x4c\x4c\x4c\x4c\x4c\x4c\x4c\x4c" +
	"\x4c\x4c\x4c\x4c\x4c\x4c\x4c\x4c\x4c\x4c\x4c\x4c\x4c\x4c\x4c\x4c\x4c\x4c\x4c\x4c\x4c\x4c\x4c\x4c\x4c\x4c\x4c\x4c\x4c\x4c\x4c\x4c" +
	"\x4c\x4c\x4c\x4c\x4c\x4c\x4c\x4c\x4c\x4c\x4c\x4c\x4c\x4c\x4c\x4c\x4c\x4c\x4c\x4c\x4c\x4c\x4c\x4c\x4c\x4c\x4c\x4c\x4c\x4c\x4c\x4c" +
	"\x4c\x4c\x4c\x4c\x4c\x4c\x4c\x4c\x4c\x4c\x4c\x4c\x4c\x4c\x4c\x4c\x4c\x4c\x4c\x4c\x4c\x4c\x4c\x4c\x4c\x4c\x4c\x4c\x4c\x4c\x4c\x4c" +
	"\x4c\x4c\x4c\x4c\x4c\x4c\x4c\x4c\x4c\x4c\x4c\x4c\x4c\x4c\x4c\x4c\x4c\x4c\x4c\x4c\x4c\x4c\x4c\x4c\x4c\x4c\x4c\x4c\x4c\x4c\x4c\x4c" +
	"\x4c\x4c\x4c\x4c\x4c\x4c\x4c\x4c\x4c\x4c\x4c\x4c\x4c\x4c\x4c\x4c\x4c\x4c\x4c\x4c\x4c\x4c\x4c\x4c\x4c\x4c\x4c\x4c\x4c\x4c\x4c\x4c" +
	"\x4c\x4c\x4c\x4c\x4c\x4c\x4c\x4c\x4c\x4c\x4c\x4c\x4c\x4c\x4c\x4c\x4c\x4c\x4c\x4c\x4c\x4c\x4c\x00\x00\x00\x00\x00\x00\x00\x00\x00" +
	"\x00\x00\x00\x00\x00\x00\x00\x00\x00\x00\x00\x00\x03\x03\x03\x03\x03\x03\x03\x03\x03\x01\x01\x01\x01\x01\x01\x01\x01\x01\x01\x01" +
	"\x01\x01\x01\x01\x01\x03\x03\x03\x03\x03\x03\x03\x03\x03\x03\x03\x03\x03\x03\x03\x03\x03\x03\x03\x03\x03\x03\x03\x03\x03\x03\x03" +
	"\x03\x03\x03\x03\x03\x03\x03\x03\x03\x03\x03\x03\x03\x03\x03\x03\x03\x03\x03\x03\x03\x4d\x3f\x4e\x4f\x00\x00\x00\x00\x00\x00\x00" +
	"\x00\x00\x00\x50\x00\x00\x00\x00\x00\x00\x00\x00\x00\x00\x00\x00\x00\x00\x00\x00\x00\x00\x00\x00\x00\x00\x00\x00\x00\x00\x00\x00" +
	"\x00\x00\x00\x00\x00\x00\x00\x00\x00\x00\x00\x00\x00\x00\x00\x00\x00\x00\x00\x00\x00\x00\x00\x00\x00\x00\x00\x00\x00\x00\x00\x00" +
	"\x00\x00\x00\x00\x00\x00\x00\x00\x00\x00\x00\x00\x00\x00\x00\x00\x00\x00\x00\x00\x00\x00\x00\x00\x00\x00\x00\x00\x00\x00\x00\x00" +
	"\x00\x00\x00\x00\x00\x00\x00\x00\x00\x00\x00\x00\x00\x00\x00\x00\x00\x00\x00\x00\x00\x00\x00\x00\x00\x00\x00\x00\x00\x00\x00\x00" +
	"\x00\x00\x00\x00\x00\x00\x00\x00\x00\x00\x00\x00\x00\x00\x00\x00\x00\x00\x00\x00\x00\x00\x00\x00\x00\x00\x00\x00\x00\x00\x00\x00" +
	"\x00\x00\x00\x00\x00\x00\x00\x00\x00\x00\x00\x00\x00\x00\x00\x00\x00\x00\x00\x00\x00\x00\x00\x00\x00\x00\x00\x00\x00\x00\x00\x00" +
	"\x00\x00\x00\x00\x00\x00\x00\x00\x00\x00\x00\x00\x00\x00\x00\x00\x00\x00\x00\x00\x00\x00\x00\x00\x00\x00\x00\x00\x00\x00\x00\x00" +
	"\x00\x00\x00\x00\x00\x00\x00\x00\x00\x00\x00\x00\x00\x00\x00\x00\x00\x00\x00\x00\x00\x00\x00\x00\x00\x00\x00\x00\x00\x00\x00\x00" +
	"\x00\x00\x00\x00\x00\x00\x00\x00\x00\x00\x00\x00\x00\x00\x00\x00\x00\x00\x00\x00\x00\x00\x00\x00\x00\x00\x00\x00\x00\x00\x00\x00" +
	"\x00\x00\x00\x00\x00\x00\x00\x00\x00\x00\x00\x00\x00\x00\x00\x00\x00\x00\x00\x00\x00\x00\x00\x00\x00\x00\x00\x00\x00\x00\x00\x00" +
	"\x00\x00\x00\x00\x00\x00\x00\x00\x00\x00\x00\x00\x00\x00\x00\x00\x00\x00\x00\x00\x00\x00\x00\x00\x00\x00\x00\x00\x00\x00\x00\x00" +
	"\x00\x00\x00\x00\x00\x00\x00\x00\x00\x00\x00\x00\x00\x00\x00\x00\x00\x00\x00\x00\x00\x00\x00\x00\x00\x00\x00\x00\x00\x00\x00\x00" +
	"\x00\x00\x00\x00\x00\x00\x00\x00\x00\x00\x00\x00\x00\x00\x00\x00\x00\x00\x00\x00\x00\x00\x00\x00\x00\x00\x00\x00\x00\x00\x00\x00" +
	"\x00\x00\x00\x00\x00\x00\x00\x00\x00\x00\x00\x00\x00\x00\x00\x00\x00\x00\x00\x00\x00\x00\x00\x00\x00\x00\x00\x00\x00\x00\x00\x00" +
	"\x00\x00\x00\x00\x00\x00\x00\x00\x00\x00\x00\x00\x00\x00\x00\x00\x00\x00\x00\x00\x00\x00\x00\x00\x00\x00\x00\x00\x00\x00\x00\x00" +
	"\x00\x00\x00\x00\x00\x00\x00\x00\x00\x00\x00\x00\x00\x00\x00\x00\x00\x00\x00\x00\x00\x00\x00\x00\x00\x00\x00\x00\x00\x00\x00\x00" +
	"\x00\x00\x00\x00\x00\x00\x00\x00\x00\x00\x00\x00\x00\x00\x00\x00\x00\x00\x00\x00\x00\x00\x00\x00\x00\x00\x00\x00\x00\x00\x00\x00" +
	"\x00\x00\x00\x00\x00\x00\x00\x00\x00\x00\x00\x00\x00\x00\x00\x00\x00\x00\x00\x00\x00\x00\x00\x00\x00\x00\x00\x00\x00\x00\x00\x00" +
	"\x00\x00\x00\x00\x00\x00\x00\x00\x00\x00\x00\x00\x00\x00\x00\x00\x00\x00\x00\x00\x00\x00\x00\x00\x00\x00\x00\x00\x00\x00\x00\x00" +
	"\x00\x00\x00\x00\x00\x00\x00\x00\x00\x00\x00\x00\x00\x00\x00\x00\x00\x00\x00\x00\x00\x00\x00\x00\x00\x00\x00\x00\x00\x00\x00\x00" +
	"\x00\x00\x00\x00\x00\x00\x00\x00\x00\x00\x00\x00\x00\x00\x00\x00\x00\x00\x00\x00\x00\x00\x00\x00\x00\x00\x00\x00\x00\x00\x00\x00" +
	"\x00\x00\x00\x00\x00\x00\x00\x00\x00\x00\x00\x00\x00\x00\x00\x00\x00\x00\x00\x00\x00\x00\x00\x00\x00\x00\x00\x00\x00\x00\x00\x00" +
	"\x00\x00\x00\x00\x00\x00\x00\x00\x00\x00\x00\x00\x00\x00\x00\x00\x00\x00\x00\x00\x00\x00\x00\x00\x00\x00\x00\x00\x00\x00\x00\x00" +
	"\x00\x00\x00\x00\x00\x00\x00\x00\x00\x00\x00\x00\x00\x00\x00\x00\x00\x00\x00\x00\x00\x00\x00\x00\x00\x00\x00\x00\x00\x00\x00\x00" +
	"\x00\x00\x00\x00\x00\x00\x00\x00\x00\x00\x00\x00\x00\x00\x00\x00\x00\x00\x00\x00\x00\x00\x00\x00\x00\x00\x00\x00\x00\x00\x00\x00" +
	"\x00\x00\x00\x00\x00\x00\x00\x00\x00\x00\x00\x00\x00\x00\x00\x00\x00\x00\x00\x00\x00\x00\x00\x00\x00\x00\x00\x00\x00\x51\x00\x00" +
	"\x00\x00\x00\x00\x00\x00\x00\x00\x00\x00\x00\x00\x00\x00\x00\x00\x00\x00\x00\x00\x00\x00\x00\x00\x00\x00\x00\x00\x00\x00\x00\x00" +
	"\x00\x00\x00\x00\x00\x00\x00\x00\x00\x00\x00\x00\x00\x00\x00\x00\x00\x00\x00\x00\x00\x00\x00\x00\x00\x00\x00\x00\x00\x00\x00\x00" +
	"\x00\x00\x00\x00\x00\x00\x00\x00\x00\x00\x00\x00\x00\x00\x00\x00\x00\x00\x00\x00\x00\x00\x00\x00\x00\x00\x00\x00\x00\x00\x00\x00" +
	"\x00\x00\x00\x00\x00\x00\x00\x00\x00\x00\x00\x00\x00\x00\x00\x00\x00\x00\x00\x00\x00\x00\x00\x00\x00\x00\x00\x00\x00\x00\x00\x00" +
	"\x00\x00\x00\x00\x00\x00\x00\x00\x00\x00\x00\x00\x00\x00\x00\x00\x00\x00\x00\x00\x00\x00\x00\x00\x00\x00\x00\x00\x00\x00\x00\x00" +
	"\x00\x00\x00\x00\x00\x00\x00\x00\x00\x00\x00\x00\x00\x00\x00\x00\x00\x00\x00\x00\x00\x00\x00\x00\x00\x00\x00\x00\x00\x00\x00\x00" +
	"\x00\x00\x00\x00\x00\x00\x00\x00\x00\x00\x00\x00\x00\x00\x00\x00\x00\x00\x00\x00\x00\x00\x00\x00\x00\x00\x00\x00\x00\x00\x00\x00" +
	"\x00\x00\x00\x00\x00\x00\x00\x00\x00\x00\x00\x00\x00\x00\x00\x00\x00\x00\x00\x00\x00\x00\x00\x00\x00\x00\x00\x00\x00\x00\x00\x00" +
	"\x00\x00\x00\x00\x00\x00\x00\x00\x00\x00\x00\x00\x00\x00\x00\x00\x00\x00\x00\x00\x00\x00\x00\x00\x00\x00\x00\x00\x00\x00\x00\x00" +
	"\x00\x00\x00\x00\x00\x00\x00\x00\x00\x00\x00\x00\x00\x00\x00\x00\x00\x00\x00\x00\x00\x00\x00\x00\x00\x00\x00\x00\x00\x00\x00\x00" +
	"\x00\x00\x00\x00\x00\x00\x00\x00\x00\x00\x00\x00\x00\x00\x00\x00\x00\x00\x00\x00\x00\x00\x00\x00\x00\x00\x00\x00\x00\x00\x00\x00" +
	"\x00\x00\x00\x00\x00\x00\x00\x00\x00\x00\x00\x00\x00\x00\x00\x00\x00\x00\x00\x00\x00\x00\x00\x00\x00\x00\x00\x00\x00\x00\x00\x00" +
	"\x00\x00\x00\x00\x00\x00\x00\x00\x00\x00\x00\x00\x00\x00\x00\x00\x00\x00\x00\x00\x00\x00\x00\x00\x00\x00\x00\x00\x00\x00\x00\x00" +
	"\x00\x00\x00\x00\x00\x00\x00\x00\x00\x00\x00\x00\x00\x00\x00\x00\x00\x00\x36\x36\x00\x52\x52\x52\x52\x52\x52\x52\x52\x52\x52\x52" +
	"\x52\x52\x52\x52\x52\x52\x52\x52\x52\x52\x52\x52\x52\x52\x52\x52\x52\x52\x52\x52\x52\x52\x52\x52\x52\x52\x52\x52\x52\x52\x52\x52" +
	"\x52\x52\x52\x52\x52\x52\x52\x52\x52\x52\x52\x52\x52\x52\x52\x52\x52\x52\x52\x52\x52\x52\x52\x52\x52\x52\x52\x52\x52\x52\x52\x52" +
	"\x52\x52\x52\x52\x52\x52\x52\x52\x52\x52\x52\x52\x52\x52\x52\x52\x52\x52\x52\x52\x52\x52\x52\x52\x52\x52\x52\x52\x52\x52\x52\x52" +
	"\x52\x52\x52\x52\x52\x52\x52\x52\x52\x52\x52\x52\x52\x52\x52\x52\x52\x52\x52\x52\x52\x52\x52\x52\x52\x52\x52\x52\x52\x52\x52\x52" +
	"\x52\x52\x52\x52\x52\x52\x52\x52\x52\x52\x52\x52\x52\x52\x52\x52\x52\x52\x52\x52\x52\x52\x52\x52\x52\x52\x52\x52\x52\x52\x52\x52" +
	"\x52\x52\x52\x52\x52\x52\x52\x52\x52\x52\x52\x52\x52\x52\x52\x52\x52\x52\x52\x52\x52\x52\x52\x52\x52\x52\x52\x52\x52\x52\x52\x52" +
	"\x52\x52\x52\x52\x52\x52\x52\x52\x52\x52\x52\x52\x52\x52\x52\x52\x52\x52\x52\x52\x52\x52\x52\x52\x52\x52\x52\x52\x52\x52\x52\x52" +
	"\x52\x52\x52\x52\x52\x52\x52\x52\x52\x52\x52\x52\x52\x52\x52\x52\x52\x52\x52\x52\x52\x52\x52\x52\x52\x52\x52\x52\x52\x52\x52\x52" +
	"\x52\x52\x52\x52\x52\x1a\x1a\x1a\x1a\x1a\x1a\x1a\x1a\x1a\x1a\x1a\x1a\x1a\x1a\x1a\x1a\x1a\x1a\x1a\x1a\x1a\x1a\x1a\x1a\x1a\x1a\x1a" +
	"\x1a\x1a\x1a\x1a\x1a\x1a\x1a\x53\x53\x54\x54\x54\x54\x54\x54\x54\x54\x54\x54\x54\x54\x55\x55\x55\x55\x55\x55\x55\x55\x55\x55\x55" +
	"\x55\x56\x56\x56\x56\x56\x56\x56\x56\x56\x56\x56\x56\x57\x57\x57\x57\x57\x57\x57\x57\x57\x57\x57\x57\x58\x58\x58\x58\x58\x58\x58" +
	"\x58\x58\x58\x58\x58\x58\x58\x58\x58\x58\x58\x58\x58\x58\x58\x58\x58\x58\x58\x58\x58\x58\x58\x58\x58\x58\x58\x58\x58\x58\x58\x58" +
	"\x58\x58\x58\x58\x58\x58\x58\x58\x58\x58\x58\x58\x58\x58\x58\x58\x58\x58\x58\x58\x58\x58\x58\x58\x58\x58\x58\x58\x58\x58\x58\x58" +
	"\x58\x58\x58\x58\x58\x58\x58\x58\x58\x58\x58\x58\x58\x58\x58\x58\x58\x58\x58\x58\x58\x58\x58\x58\x58\x58\x58\x58\x58\x58\x58\x58" +
	"\x58\x58\x58\x58\x58\x58\x58\x58\x58\x58\x58\x58\x58\x58\x58\x58\x58\x58\x58\x58\x58\x58\x58\x58\x58\x58\x58\x58\x58\x58\x58\x58" +
	"\x58\x58\x58\x58\x58\x58\x58\x58\x58\x58\x58\x58\x58\x58\x58\x58\x58\x58\x58\x58\x58\x58\x58\x58\x58\x58\x58\x58\x58\x58\x58\x58" +
	"\x58\x58\x58\x58\x58\x58\x58\x58\x58\x58\x58\x58\x58\x58\x58\x58\x58\x58\x58\x58\x58\x58\x58\x58\x58\x58\x58\x58\x58\x58\x58\x58" +
	"\x58\x58\x58\x58\x58\x58\x58\x58\x58\x58\x58\x58\x58\x58\x58\x58\x58\x58\x58\x58\x58\x58\x58\x58\x58\x58\x58\x58\x58\x58\x58\x58" +
	"\x58\x58\x58\x58\x58\x58\x58\x58\x58\x58\x58\x58\x58\x58\x58\x58\x58\x58\x58\x58\x58\x58\x58\x58\x58\x58\x58\x58\x58\x58\x58\x58" +
	"\x58\x58\x58\x58\x58\x58\x58\x58\x58\x58\x58\x58\x58\x58\x58\x58\x58\x58\x58\x58\x58\x58\x58\x58\x58\x58\x58\x58\x58\x58\x58\x58" +
	"\x58\x58\x58\x58\x58\x58\x58\x58\x58\x58\x58\x58\x58\x58\x58\x58\x58\x58\x58\x58\x58\x58\x58\x58\x58\x58\x58\x58\x58\x58\x58\x58" +
	"\x58\x58\x58\x58\x58\x58\x58\x58\x58\x58\x58\x58\x58\x58\x58\x58\x58\x58\x58\x58\x58\x58\x58\x58\x58\x58\x58\x58\x58\x58\x58\x58" +
	"\x58\x58\x58\x58\x58\x58\x58\x58\x58\x58\x58\x58\x58\x58\x58\x58\x58\x58\x58\x58\x58\x58\x58\x58\x58\x58\x58\x58\x58\x58\x58\x58" +
	"\x58\x58\x58\x58\x58\x58\x58\x58\x58\x58\x58\x58\x58\x58\x58\x58\x58\x58\x58\x58\x59\x59\x59\x59\x59\x59\x59\x59\x59\x59\x59\x59" +
	"\x59\x59\x59\x59\x59\x59\x59\x59\x59\x59\x59\x59\x59\x59\x59\x59\x59\x59\x59\x59\x59\x59\x59\x59\x59\x59\x59\x59\x59\x59\x59\x59" +
	"\x59\x59\x59\x59\x59\x59\x59\x59\x59\x59\x59\x59\x59\x59\x59\x59\x59\x59\x59\x59\x59\x59\x59\x59\x59\x59\x59\x59\x59\x59\x59\x59" +
	"\x59\x59\x59\x59\x59\x59\x59\x59\x59\x59\x59\x59\x59\x59\x59\x59\x59\x59\x59\x59\x59\x59\x59\x59\x59\x59\x59\x59\x59\x59\x59\x59" +
	"\x59\x59\x59\x59\x59\x59\x59\x59\x59\x59\x59\x59\x59\x59\x59\x59\x59\x59\x59\x59\x59\x59\x59\x59\x59\x59\x59\x59\x59\x59\x59\x59" +
	"\x59\x59\x59\x59\x59\x59\x59\x59\x59\x59\x59\x59\x59\x59\x59\x59\x59\x59\x59\x59\x59\x59\x59\x59\x59\x59\x59\x59\x59\x59\x59\x59" +
	"\x59\x59\x59\x59\x59\x59\x59\x59\x59\x59\x59\x59\x59\x59\x59\x59\x59\x59\x59\x59\x59\x59\x59\x59\x59\x59\x59\x59\x59\x59\x59\x59" +
	"\x59\x59\x59\x59\x59\x59\x59\x59\x59\x59\x59\x59\x59\x59\x59\x59\x59\x59\x59\x59\x59\x59\x59\x59\x59\x59\x59\x59\x59\x59\x59\x59" +
	"\x59\x59\x59\x59\x59\x59\x59\x59\x59\x59\x59\x59\x59\x59\x59\x59\x59\x59\x59\x59\x59\x59\x59\x59\x59\x59\x59\x59\x59\x59\x59\x59" +
	"\x59\x59\x59\x59\x59\x59\x59\x59\x59\x59\x59\x59\x59\x59\x59\x59\x59\x59\x59\x59\x59\x59\x59\x59\x59\x59\x59\x59\x59\x59\x59\x59" +
	"\x59\x59\x59\x59\x59\x59\x59\x59\x59\x59\x59\x59\x59\x59\x59\x59\x59\x59\x59\x59\x59\x59\x59\x59\x59\x59\x59\x59\x59\x59\x59\x59" +
	"\x59\x59\x59\x59\x59\x59\x59\x59\x59\x59\x59\x59\x59\x59\x59\x59\x59\x59\x59\x59\x59\x59\x59\x59\x59\x59\x59\x59\x59\x59\x59\x59" +
	"\x59\x59\x59\x59\x59\x59\x59\x59\x59\x59\x59\x59\x59\x59\x59\x59\x59\x59\x59\x59\x59\x59\x59\x59\x59\x59\x59\x59\x59\x59\x59\x59" +
	"\x59\x59\x59\x59\x59\x59\x59\x59\x59\x59\x59\x59\x59\x59\x59\x58\x5a\x5a\x5a\x5a\x5a\x5a\x5a\x5a\x5a\x5a\x5a\x5a\x5a\x5a\x5a\x5a" +
	"\x5a\x5a\x5a\x5a\x5a\x5a\x5a\x5a\x5a\x5a\x5a\x5a\x5a\x5a\x5a\x5a\x5a\x5a\x5a\x5a\x5a\x5a\x5a\x5a\x5a\x5a\x5a\x5a\x5a\x5a\x5a\x5a" +
	"\x5a\x5a\x5a\x5a\x5a\x5a\x5a\x5a\x5a\x5a\x5a\x5a\x5a\x5a\x5a\x5a\x5a\x5a\x5a\x5a\x5a\x5a\x5a\x5a\x5a\x5a\x5a\x5a\x5a\x5a\x5a\x5a" +
	"\x5a\x5a\x5a\x5a\x5a\x5a\x5a\x5a\x5a\x5a\x5a\x5a\x5a\x5a\x5a\x5a\x5a\x5a\x5a\x5a\x5a\x5a\x5a\x5a\x5a\x5a\x5a\x5a\x5a\x5a\x5a\x5a" +
	"\x5a\x5a\x5a\x5a\x5a\x5a\x5a\x5a\x5a\x5a\x5a\x5a\x5a\x5a\x5a\x5a\x5a\x5a\x5a\x5a\x5a\x5a\x5a\x5a\x5a\x5a\x5a\x5a\x5a\x5a\x5a\x5a" +
	"\x5a\x5a\x5a\x5a\x5a\x5a\x5a\x5a\x5a\x5a\x5a\x5a\x5a\x5a\x5a\x5a\x5a\x5a\x5a\x5a\x5a\x5a\x5a\x5a\x5a\x5a\x5a\x5a\x5a\x5a\x5a\x5a" +
	"\x5a\x5a\x5a\x5a\x5a\x5a\x5a\x5a\x5a\x5a\x5a\x5a\x5a\x5a\x5a\x5a\x5a\x5a\x5a\x5a\x5a\x5a\x5a\x5a\x5a\x5a\x5a\x5a\x5a\x5a\x5a\x5a" +
	"\x5a\x5a\x5a\x5a\x5a\x5a\x5a\x5a\x5a\x5a\x5a\x5a\x5a\x5a\x5a\x5a\x5a\x5a\x5a\x5a\x5a\x5a\x5a\x5a\x5a\x5a\x5a\x5a\x5a\x5a\x5a\x5a" +
	"\x5a\x5a\x5a\x5a\x5a\x5a\x5a\x5a\x5a\x5a\x5a\x5a\x5a\x5a\x5a\x5a\x5a\x5a\x5a\x5a\x5a\x5a\x5a\x5a\x5a\x5a\x5a\x5a\x5a\x5a\x5a\x5a" +
	"\x5a\x5a\x5a\x5a\x5a\x5a\x5a\x5a\x5a\x5a\x5a\x5a\x5a\x5a\x5a\x5a\x5a\x5a\x5a\x5a\x5a\x5a\x5a\x5a\x5a\x5a\x5a\x5a\x5a\x5a\x5a\x5a" +
	"\x5a\x5a\x5a\x5a\x5a\x5a\x5a\x5a\x5a\x5a\x5a\x5a\x5a\x5a\x5a\x5a\x5a\x5a\x5a\x5a\x5a\x5a\x5a\x5a\x5a\x5a\x5a\x5a\x5a\x5a\x5a\x5a" +
	"\x5a\x5a\x5a\x5a\x5a\x5a\x5a\x5a\x5a\x5a\x5a\x5a\x5a\x5a\x5a\x5a\x5a\x5a\x5a\x5a\x5a\x5a\x5a\x5a\x5a\x5a\x5a\x5a\x5a\x5a\x5a\x5a" +
	"\x5a\x5a\x5a\x5a\x5a\x5a\x5a\x5a\x5a\x5a\x5a\x5a\x5a\x5a\x5a\x5a\x5a\x5a\x5a\x5a\x5a\x5a\x5a\x5a\x5a\x5a\x5a\x5a\x5a\x5a\x5a\x5a" +
	"\x5a\x5a\x5a\x5a\x5a\x5a\x5a\x5a\x5a\x5a\x5a\x5a\x5b\x5c\x5c\x5c\x5c\x5c\x5b\x5b\x5b\x5b\x5b\x5b\x5b\x5b\x5b\x5b\x5b\x5b\x5b\x5b" +
	"\x5b\x5b\x5b\x5b\x5b\x5b\x5b\x5b\x5b\x5b\x5b\x5b\x5b\x5b\x5b\x5b\x5b\x5b\x5b\x5b\x5b\x5b\x5b\x5b\x5b\x5b\x5b\x5b\x5b\x5b\x5b\x5b" +
	"\x5b\x5b\x5b\x5b\x5b\x5b\x5b\x5b\x5b\x5b\x5b\x5b\x5b\x5b\x5b\x5b\x5b\x5b\x5b\x5b\x5b\x5b\x5b\x5b\x5b\x5b\x5b\x5b\x5b\x5b\x5b\x5b" +
	"\x5b\x5b\x5b\x5b\x5b\x5b\x5b\x5b\x5b\x5b\x5b\x5b\x5b\x5b\x5b\x5b\x5b\x5b\x5b\x5b\x5b\x5b\x5b\x5b\x5b\x5b\x5b\x5b\x5b\x5b\x5b\x5b" +
	"\x5b\x5b\x5b\x5b\x5b\x5b\x5b\x5b\x5b\x5b\x5b\x5b\x5b\x5b\x5b\x5b\x5b\x5b\x5b\x5b\x5b\x5b\x5b\x5b\x5b\x5b\x5b\x5b\x5b\x5b\x5b\x5b" +
	"\x5b\x5b\x5b\x5b\x5b\x5b\x5b\x5b\x5b\x5b\x5b\x5b\x5b\x5b\x5b\x5b\x5b\x5b\x5b\x5b\x5b\x5b\x5b\x5b\x5b\x5b\x5b\x5b\x5b\x5b\x5b\x5b" +
	"\x5b\x5b\x5b\x5b\x5b\x5b\x5b\x5b\x5b\x5b\x5b\x5b\x5b\x5b\x5b\x5b\x5b\x5b\x5b\x5b\x5b\x5b\x5b\x5b\x5b\x5b\x5b\x5b\x5b\x5b\x5b\x5b" +
	"\x5b\x5b\x5b\x5b\x5b\x5b\x5b\x5b\x5b\x5b\x5b\x5b\x5b\x5b\x5b\x5b\x5b\x5b\x5b\x5b\x5b\x5b\x5b\x5b\x5b\x5b\x5b\x5b\x5b\x5b\x5b\x5b" +
	"\x5b\x5b\x5b\x5b\x5b\x5b\x5b\x5b\x5b\x5b\x5b\x5b\x5b\x5b\x5b\x5b\x5b\x5b\x5b\x5b\x5b\x5b\x5b\x5b\x5b\x5b\x5b\x5b\x5b\x5b\x5b\x5b" +
	"\x5b\x5b\x5b\x5b\x5b\x5b\x5b\x5b\x5b\x5b\x5b\x5b\x5b\x5b\x5b\x5b\x5b\x5b\x5b\x5b\x5b\x5b\x5b\x5b\x5b\x5b\x5b\x5b\x5b\x5b\x5b\x5b" +
	"\x5b\x5b\x5b\x5b\x5b\x5b\x5b\x5b\x5b\x5b\x5b\x5b\x5b\x5b\x5b\x5b\x5b\x5b\x5b\x5b\x5b\x5b\x5b\x5b\x5b\x5b\x5b\x5b\x5b\x5b\x5b\x5b" +
	"\x5b\x5b\x5b\x5b\x5b\x5b\x5b\x5b\x5b\x5b\x5b\x5b\x5b\x5b\x5b\x5b\x5b\x5b\x5b\x5b\x5b\x5b\x5b\x5b\x5b\x5b\x5b\x5b\x5b\x5b\x5b\x5b" +
	"\x5b\x5b\x5b\x5b\x5b\x5b\x5b\x5b\x5b\x5b\x5b\x5b\x5b\x5b\x5b\x5b\x5b\x5b\x5b\x5b\x5b\x5b\x5b\x5b\x5b\x5b\x5b\x5b\x5b\x5b\x5b\x5b" +
	"\x5b\x5b\x5b\x5b\x5b\x5b\x5b\x5b\x5b\x5b\x5b\x5b\x5b\x5b\x5b\x5b\x5b\x5b\x5b\x5b\x5b\x5b\x5b\x5b\x5b\x5b\x5b\x5b\x5b\x5b\x5b\x5b" +
	"\x5b\x5b\x5b\x5b\x5b\x5b\x5b\x5b\x5b\x5b\x5b\x5b\x5b\x5b\x5b\x5b\x5b\x5b\x5b\x5b\x5b\x5b\x5b\x5b\x5b\x5b\x5b\x5b\x5b\x5b\x5b\x5b" +
	"\x5b\x5b\x5b\x5b\x5b\x5b\x5b\x5b\x5b\x5b\x5b\x5b\x5b\x5b\x5b\x5b\x5b\x5b\x5b\x5b\x5b\x5b\x5b\x5b\x5b\x5b\x5b\x5b\x5b\x5b\x5b\x5b" +
	"\x5b\x5b\x5b\x5b\x5b\x5b\x5b\x5b\x5b\x5b\x5b\x5b\x5b\x5b\x5b\x5b\x5b\x5b\x5b\x5b\x5b\x5b\x5b\x5b\x5b\x5b\x5b\x5b\x5b\x5b\x5b\x5b" +
	"\x5b\x5b\x5b\x5b\x5b\x5b\x5b\x5b\x5b\x5b\x5b\x5b\x5b\x5b\x5b\x5b\x5b\x5b\x5b\x5b\x5b\x5b\x5b\x5b\x5b\x5b\x5b\x5b\x5b\x5b\x5b\x5b" +
	"\x5b\x5b\x5b\x5b\x5b\x5b\x5b\x5b\x5b\x5b\x5b\x5b\x5b\x5b\x5b\x5b\x5b\x5b\x5b\x5b\x5b\x5b\x5b\x5b\x5b\x5b\x5b\x5b\x5b\x5b\x5b\x5b" +
	"\x5b\x5b\x5b\x5b\x5b\x5b\x5b\x5b\x5b\x5b\x5b\x5b\x5b\x5b\x5b\x5b\x5b\x5b\x5b\x5b\x5b\x5b\x5b\x5b\x5b\x5b\x5b\x5b\x5b\x5b\x5b\x5b" +
	"\x5b\x5b\x5b\x5b\x5b\x5b\x5b\x5b\x5b\x5b\x5b\x5b\x5b\x5b\x5b\x5b\x5b\x5b\x5b\x5b\x5b\x5b\x5b\x5b\x5b\x5b\x5b\x5b\x5b\x5b\x5b\x5b" +
	"\x5b\x5b\x5b\x5b\x5b\x5b\x5b\x5b\x5b\x5b\x5b\x5b\x5b\x5b\x5b\x5b\x5b\x5b\x5b\x5b\x5b\x5b\x5b\x5b\x5b\x5b\x5b\x5b\x5b\x5b\x5b\x5b" +
	"\x5b\x5b\x5b\x5b\x5b\x5b\x5b\x5b\x5b\x5b\x5b\x5b\x5b\x5b\x5b\x5b\x5b\x5b\x5b\x5b\x5b\x5b\x5b\x5b\x5b\x5b\x5b\x5b\x5b\x5b\x5b\x5b" +
	"\x5b\x5b\x5b\x5b\x5b\x5b\x5b\x5b\x5b\x5b\x5b\x5b\x5b\x5b\x5b\x5b\x5b\x5b\x5b\x5b\x5b\x5b\x5b\x5b\x5b\x5b\x5b\x5b\x5b\x5b\x5b\x5b" +
	"\x5b\x5b\x5b\x5b\x5b\x5b\x5b\x5b\x5b\x5b\x5b\x5b\x5b\x5b\x5b\x5b\x5b\x5b\x5b\x5b\x5b\x5b\x5b\x5b\x5b\x5b\x5b\x5b\x5b\x5b\x5b\x5b" +
	"\x5b\x5b\x5b\x5b\x5b\x5b\x5b\x5b\x5b\x5b\x5b\x5b\x5b\x5b\x5b\x5b\x5b\x5b\x5b\x5b\x5b\x5b\x5b\x5b\x5b\x5b\x5b\x5b\x5b\x5b\x5b\x5b" +
	"\x5b\x5b\x5b\x5b\x5b\x5b\x5b\x5b\x5b\x5b\x5b\x5b\x5b\x5b\x5b\x5b\x5b\x5b\x5b\x5b\x5b\x5b\x5b\x5b\x5b\x5b\x5b\x5b\x5b\x5b\x5b\x5b" +
	"\x5b\x5b\x5b\x5b\x5b\x5b\x5b\x5b\x5b\x5b\x5b\x5b\x5b\x5b\x5b\x5b\x5b\x5b\x5b\x5b\x5b\x5b\x5b\x5b\x5b\x5b\x5b\x5b\x5b\x5b\x5b\x5b" +
	"\x5b\x5b\x5b\x5b\x5b\x5b\x5b\x5b\x5b\x5b\x5b\x5b\x5b\x5b\x5b\x5b\x5b\x5b\x5b\x5b\x5b\x5b\x5b\x5b\x5b\x5b\x5b\x5b\x5b\x5b\x5b\x5b" +
	"\x5b\x5b\x5b\x5b\x5b\x5b\x5b\x5b\x5b\x5b\x5b\x5b\x5b\x5b\x5b\x5b\x5b\x5b\x5b\x5b\x5b\x5b\x5b\x5b\x5b\x5b\x5b\x5b\x5b\x5b\x5b\x5b" +
	"\x5b\x5b\x5b\x5b\x5b\x5b\x5b\x5b\x5b\x5b\x5b\x5b\x5b\x5b\x5b\x5b\x5b\x5b\x5b\x5b\x5b\x5b\x5b\x5b\x5b\x5b\x5b\x5b\x5b\x5b\x5b\x5b" +
	"\x5b\x5b\x5b\x5b\x5b\x5b\x5b\x5b\x5b\x5b\x5b\x5b\x5b\x5b\x5b\x5b\x5b\x5b\x5b\x5b\x5b\x5b\x5b\x5b\x5b\x5b\x5b\x5b\x5b\x5b\x5b\x5b" +
	"\x5b\x5b\x5b\x5b\x5b\x5b\x5b\x5b\x5b\x5b\x5b\x5b\x5b\x5b\x5b\x5b\x5b\x5b\x5b\x5b\x5b\x5b\x5b\x5b\x5b\x5b\x5b\x5b\x5b\x5b\x5b\x5b" +
	"\x5b\x5b\x5b\x5b\x5b\x5b\x5b\x5b\x5b\x5b\x5b\x5b\x5b\x5b\x5b\x5b\x5b\x5b\x5b\x5b\x5b\x5b\x5b\x5b\x5b\x5b\x5b\x5b\x5b\x5b\x5b\x5b" +
	"\x5b\x5b\x5b\x5b\x5b\x5b\x5b\x5b\x5b\x5b\x5b\x5b\x5b\x5b\x5b\x5b\x5b\x5b\x5b\x5b\x5b\x5b\x5b\x5b\x5b\x5b\x5b\x5b\x5b\x5b\x5b\x5b" +
	"\x5b\x5b\x5b\x5b\x5b\x5b\x5b\x5b\x5b\x5b\x5b\x5b\x5b\x5b\x5b\x5b\x5b\x5b\x5b\x5b\x5b\x5b\x5b\x5b\x5b\x5b\x5b\x5b\x5b\x5b\x5b\x5b" +
	"\x5b\x5b\x5b\x5b\x5b\x5b\x5b\x5b\x5b\x5b\x5b\x5b\x5b\x5b\x5b\x5b\x5b\x5b\x5b\x5b\x5b\x5b\x5b\x5b\x5b\x5b\x5b\x5b\x5b\x5b\x5b\x5b" +
	"\x5b\x5b\x5b\x5b\x5b\x5b\x5b\x5b\x5b\x5b\x5b\x5b\x5b\x5b\x5b\x5b\x5b\x5b\x5b\x5b\x5b\x5b\x5b\x5b\x5b\x5b\x5b\x5b\x5b\x5b\x5b\x5b" +
	"\x5b\x5b\x5b\x5b\x5b\x5b\x5b\x5b\x5b\x5b\x5b\x5b\x5b\x5b\x5b\x5b\x5b\x5b\x5b\x5b\x5b\x5b\x5b\x5b\x5b\x5b\x5b\x5b\x5b\x5b\x5b\x5b" +
	"\x5b\x5b\x5b\x5d\x5d\x5d\x5d\x5d\x5d\x5d\x5d\x5d\x5d\x5d\x5d\x5d\x5d\x5d\x5d\x5d\x5d\x5d\x5d\x5d\x5d\x5d\x5d\x5d\x5d\x5d\x5d\x5d" +
	"\x5d\x5d\x5d\x5d\x5d\x5d\x5d\x5d\x5d\x5d\x5d\x5d\x5d\x5d\x5d\x5d\x5d\x5d\x5d\x5d\x5d\x5d\x5d\x5d\x5d\x5d\x5d\x5d\x5d\x5d\x5d\x5d" +
	"\x5d\x5d\x5d\x5d\x5d\x5d\x5d\x5d\x5d\x5d\x5d\x5d\x5d\x5d\x5d\x5d\x5d\x5d\x5d\x5d\x5d\x5d\x5d\x5d\x5d\x5d\x5d\x5d\x5d\x5d\x5d\x5d" +
	"\x5d\x5d\x5d\x5d\x5d\x5d\x5d\x5d\x5d\x5d\x5d\x5d\x5d\x5d\x5d\x5d\x5d\x5d\x5d\x5d\x5d\x5d\x5d\x5d\x5d\x5d\x5d\x5d\x5d\x5d\x5d\x5d" +
	"\x5d\x5d\x5d\x5d\x5d\x5d\x5d\x5d\x5d\x5d\x5d\x5d\x5d\x5d\x5d\x5d\x5d\x5d\x5d\x5d\x5d\x5d\x5d\x5d\x5d\x5d\x5d\x5d\x5d\x5d\x5d\x5d" +
	"\x5d\x5d\x5d\x5d\x5d\x5d\x5d\x5d\x5d\x5d\x5d\x5d\x5d\x5d\x5d\x5d\x5d\x5d\x5d\x5d\x5d\x5d\x5d\x5d\x5d\x5d\x5d\x5d\x5d\x5d\x5d\x5d" +
	"\x5d\x5d\x5d\x5d\x5d\x5d\x5d\x5d\x5d\x5d\x5d\x5d\x5d\x5d\x5d\x5d\x5d\x5d\x5d\x5d\x5d\x5d\x5d\x5d\x5d\x5d\x5d\x5d\x5d\x5d\x5d\x5d" +
	"\x5d\x5d\x5d\x5d\x5d\x5d\x5d\x5d\x5d\x5d\x5d\x5d\x5d\x5d\x5d\x5d\x5d\x5d\x5d\x5d\x5d\x5d\x5d\x5d\x5d\x5d\x5d\x5d\x5d\x5d\x5d\x5d" +
	"\x5d\x5d\x5d\x5d\x5d\x5d\x5d\x5d\x5d\x5d\x5d\x5d\x5d\x5d\x5d\x5d\x5d\x5d\x5d\x5d\x5d\x5d\x5d\x5d\x5d\x5d\x5d\x5d\x5d\x5d\x5d\x5d" +
	"\x5d\x5d\x5d\x5d\x5d\x5d\x5d\x5d\x5d\x5d\x5d\x5d\x5d\x5d\x5d\x5d\x5d\x5d\x5d\x5d\x5d\x5d\x5d\x5d\x5d\x5d\x5d\x5d\x5d\x5d\x5d\x5d" +
	"\x5d\x5d\x5d\x5d\x5d\x5d\x5d\x5d\x5d\x5d\x5d\x5d\x5d\x5d\x5d\x5d\x5d\x5d\x5d\x5d\x5d\x5d\x5d\x5d\x5d\x5d\x5d\x5d\x5d\x5d\x5d\x5d" +
	"\x5d\x5d\x5d\x5d\x5d\x5d\x5d\x5d\x5d\x5d\x5d\x5d\x5d\x5d\x5d\x5d\x5d\x5d\x5d\x5d\x5d\x5d\x5d\x5d\x5d\x5d\x5d\x5d\x5d\x5d\x5d\x5d" +
	"\x5d\x5d\x5d\x5d\x5d\x5d\x5d\x5d\x5d\x5d\x5d\x5d\x5d\x5d\x5d\x5d\x5d\x5d\x5d\x5d\x5d\x5d\x5d\x5d\x5d\x5d\x5d\x5d\x5d\x5d\x5d\x5d" +
	"\x5d\x5d\x5d\x5d\x5d\x5d\x5d\x5d\x5d\x5d\x5d\x5d\x5d\x5d\x5d\x5d\x5d\x5d\x5d\x5d\x5d\x5d\x5d\x5d\x5d\x5d\x5d\x5d\x5d\x5d\x5d\x5d" +
	"\x5d\x5d\x5d\x5d\x5d\x5d\x5d\x5d\x5d\x5d\x5d\x5d\x5d\x5d\x5d\x5d\x5d\x5d\x5d\x5d\x5d\x5d\x5d\x5d\x5d\x5d\x5d\x5d\x5d\x5d\x5d\x5d" +
	"\x5d\x5d\x5d\x5d\x5d\x5d\x5d\x5d\x5d\x5d\x5d\x5d\x5d\x5d\x5d\x5d\x5d\x5d\x5d\x5d\x5d\x5d\x5d\x5d\x5d\x5d\x5d\x5d\x5d\x5d\x5d\x5d" +
	"\x5d\x5d\x5d\x5d\x5d\x5d\x5d\x5d\x5d\x5d\x5d\x5d\x5d\x5d\x5d\x5d\x5d\x5d\x5d\x5d\x5d\x5d\x5d\x5d\x5d\x5d\x5d\x5d\x5d\x5d\x5d\x5d" +
	"\x5d\x5d\x5d\x5d\x5d\x5d\x5d\x5d\x5d\x5d\x5d\x5d\x5d\x5d\x5d\x5d\x5d\x5d\x5d\x5d\x5d\x5d\x5d\x5d\x5d\x5d\x5d\x5d\x5d\x5d\x5d\x5d" +
	"\x5d\x5d\x5d\x5d\x5d\x5d\x5d\x5d\x5d\x5d\x5d\x5d\x5d\x5d\x5d\x5d\x5d\x5d\x5d\x5d\x5d\x5d\x5d\x5d\x5d\x5d\x5d\x5d\x5d\x5d\x5d\x5d" +
	"\x5d\x5d\x5d\x5d\x5d\x5d\x5d\x5d\x5d\x5d\x5d\x5d\x5d\x5d\x5d\x5d\x5d\x5d\x5d\x5d\x5d\x5d\x5d\x5d\x5d\x5d\x5d\x5d\x5d\x5d\x5d\x5d" +
	"\x5d\x5d\x5d\x5d\x5d\x5d\x5d\x5d\x5d\x5d\x5d\x5d\x5d\x5d\x5d\x5d\x5d\x5d\x5d\x5d\x5d\x5d\x5d\x5d\x5d\x5d\x5d\x5d\x5d\x5d\x5d\x5d" +
	"\x5d\x5d\x5d\x5d\x5d\x5d\x5d\x5d\x5d\x5d\x5d\x5d\x5d\x5d\x5d\x5d\x5d\x5d\x5d\x5d\x5d\x5d\x5d\x5d\x5d\x5d\x5d\x5d\x5d\x5d\x5d\x5d" +
	"\x5d\x5d\x5d\x5d\x5d\x5d\x5d\x5d\x5d\x5d\x5d\x5d\x5d\x5d\x5d\x5d\x5d\x5d\x5d\x5d\x5d\x5d\x5d\x5d\x5d\x5d\x5d\x5d\x5d\x5d\x5d\x5d" +
	"\x5d\x5d\x5d\x5d\x5d\x5d\x5d\x5d\x5d\x5d\x5d\x5d\x5d\x5d\x5d\x5d\x5d\x5d\x5d\x5d\x5d\x5d\x5d\x5d\x5d\x5d\x5d\x5d\x5d\x5d\x5d\x5d" +
	"\x5d\x5d\x5d\x5d\x5d\x5d\x5d\x5d\x5d\x5d\x5d\x5d\x5d\x5d\x5d\x5d\x5d\x5d\x5d\x5d\x5d\x5d\x5d\x5d\x5d\x5d\x5d\x5d\x5d\x5d\x5d\x5d" +
	"\x5d\x5d\x5d\x5d\x5d\x5d\x5d\x5d\x5d\x5d\x5d\x5d\x5d\x5d\x5d\x5d\x5d\x5d\x5d\x5d\x5d\x5d\x5d\x5d\x5d\x5d\x5d\x5d\x5d\x5d\x5d\x5d" +
	"\x5d\x5d\x5d\x5d\x5d\x5d\x5d\x5d\x5d\x5d\x5d\x5d\x5d\x5d\x5d\x5d\x5d\x5d\x5d\x5d\x5d\x5d\x5d\x5d\x5d\x5d\x5d\x5d\x5d\x5d\x5d\x5d" +
	"\x5d\x5d\x5d\x5d\x5d\x5d\x5d\x5d\x5d\x5d\x5d\x5d\x5d\x5d\x5d\x5d\x5d\x5d\x5d\x5d\x5d\x5d\x5d\x5d\x5d\x5d\x5d\x5d\x5d\x5d\x5d\x5d" +
	"\x5d\x5d\x5d\x5d\x5d\x5d\x5d\x5d\x5d\x5d\x5d\x5d\x5d\x5d\x5d\x5d\x5d\x5d\x5d\x5d\x5d\x5d\x5d\x5d\x5d\x5d\x5d\x5d\x5d\x5d\x5d\x5d" +
	"\x5d\x5d\x5d\x5d\x5d\x5d\x5d\x5d\x5d\x5d\x5d\x5d\x5d\x5d\x5d\x5d\x5d\x5d\x5d\x5d\x5d\x5d\x5d\x5d\x5d\x5d\x5d\x5d\x5d\x5d\x5d\x5d" +
	"\x5d\x5d\x5d\x5d\x5d\x5d\x5d\x5d\x5d\x5d\x5d\x5d\x5d\x5d\x5d\x5d\x5d\x5d\x5d\x5d\x5d\x5d\x5d\x5d\x5d\x5d\x5d\x5d\x5d\x5d\x5d\x5d" +
	"\x5d\x5d\x5d\x5d\x5d\x5d\x5d\x5d\x5d\x5d\x5d\x5d\x5d\x5d\x5d\x5d\x5d\x5d\x5d\x5d\x5d\x5d\x5d\x5d\x5d\x5d\x5d\x5d\x5d\x5d\x5d\x5d" +
	"\x5d\x5d\x5d\x5d\x5d\x5d\x5d\x5d\x5d\x5d\x5d\x5d\x5d\x5d\x5d\x5d\x5d\x5d\x5d\x5d\x5d\x5d\x5d\x5d\x5d\x5d\x5d\x5d\x5d\x5d\x5d\x5d" +
	"\x5d\x5d\x5d\x5d\x5d\x5d\x5d\x5d\x5d\x5d\x5d\x5d\x5d\x5d\x5d\x5d\x5d\x5d\x5d\x5d\x5d\x5d\x5d\x5d\x5d\x5d\x5d\x5d\x5d\x5d\x5d\x5d" +
	"\x5d\x5d\x5d\x5d\x5d\x5d\x5d\x5d\x5d\x5d\x5d\x5d\x5d\x5d\x5d\x5d\x5d\x5d\x5d\x5d\x5d\x5d\x5d\x5d\x5d\x5d\x5d\x5d\x5d\x5d\x5d\x5d" +
	"\x5d\x5d\x5d\x5d\x5d\x5d\x5d\x5d\x5d\x5d\x5d\x5d\x5d\x5d\x5d\x5d\x5d\x5d\x5d\x5d\x5d\x5d\x5d\x5d\x5d\x5d\x5d\x5d\x5d\x5d\x5d\x5d" +
	"\x5d\x5d\x5d\x5d\x5d\x5d\x5d\x5d\x5d\x5d\x5d\x5d\x5d\x5d\x5d\x5d\x5d\x5d\x5d\x5d\x5d\x5d\x5d\x5d\x5d\x5d\x5d\x5d\x5d\x5d\x5d\x5d" +
	"\x5d\x5d\x5d\x5d\x5d\x5d\x5d\x5d\x5d\x5d\x5d\x5d\x5d\x5d\x5d\x5d\x5d\x5d\x5d\x5d\x5d\x5d\x5d\x5d\x5d\x5d\x5d\x5d\x5d\x5d\x5d\x5d" +
	"\x5d\x5d\x5d\x5d\x5d\x5d\x5d\x5d\x5d\x5d\x5d\x5d\x5d\x5d\x5d\x5d\x5d\x5d\x5d\x5d\x5d\x5e\x14\x5f\x60\x60\x60\x60\x60\x60\x60\x60" +
	"\x60\x60\x60\x60\x60\x60\x60\x60\x60\x60\x60\x60\x60\x60\x60\x60\x60\x60\x60\x60\x60\x60\x60\x60\x60\x60\x60\x60\x60\x60\x60\x60" +
	"\x60\x60\x60\x60\x60\x60\x60\x60\x60\x60\x60\x60\x60\x60\x60\x60\x60\x60\x60\x60\x60\x60\x60\x60\x60\x60\x60\x60\x60\x60\x60\x60" +
	"\x60\x60\x60\x60\x60\x60\x60\x60\x60\x60\x60\x60\x60\x60\x60\x60\x60\x60\x60\x60\x60\x60\x60\x60\x60\x60\x60\x60\x60\x60\x60\x60" +
	"\x60\x60\x60\x60\x60\x60\x60\x60\x60\x60\x60\x60\x60\x60\x60\x60\x60\x60\x60\x60\x60\x60\x60\x60\x60\x60\x60\x60\x60\x60\x60\x60" +
	"\x60\x60\x60\x60\x60\x60\x60\x60\x60\x60\x60\x60\x60\x60\x60\x60\x60\x60\x60\x60\x60\x60\x60\x60\x60\x60\x60\x60\x60\x60\x60\x60" +
	"\x60\x60\x60\x60\x60\x60\x60\x60\x60\x60\x60\x60\x60\x60\x60\x60\x60\x60\x60\x60\x60\x60\x60\x60\x60\x60\x60\x60\x60\x60\x60\x60" +
	"\x60\x60\x60\x60\x60\x60\x60\x60\x60\x60\x60\x60\x60\x60\x60\x60\x60\x60\x60\x60\x60\x60\x60\x60\x60\x60\x60\x60\x60\x60\x60\x60" +
	"\x60\x60\x60\x60\x60\x60\x60\x60\x60\x60\x60\x60\x60\x60\x60\x60\x60\x60\x60\x60\x60\x60\x60\x60\x60\x60\x60\x60\x60\x60\x60\x60" +
	"\x60\x60\x60\x60\x60\x60\x60\x60\x60\x60\x60\x60\x60\x60\x60\x60\x60\x60\x60\x60\x60\x60\x60\x60\x60\x60\x60\x60\x60\x60\x60\x60" +
	"\x60\x60\x60\x60\x60\x60\x60\x60\x60\x60\x60\x60\x60\x60\x60\x60\x60\x60\x60\x60\x60\x60\x60\x60\x60\x60\x60\x60\x60\x60\x60\x60" +
	"\x60\x60\x60\x60\x60\x60\x60\x60\x60\x60\x60\x60\x60\x60\x60\x60\x60\x60\x60\x60\x60\x60\x60\x60\x60\x60\x60\x60\x60\x60\x60\x60" +
	"\x60\x60\x60\x60\x60\x60\x60\x60\x60\x60\x60\x60\x60\x60\x60\x60\x60\x60\x60\x60\x60\x60\x60\x60\x60\x60\x60\x60\x60\x60\x60\x60" +
	"\x60\x60\x60\x60\x60\x60\x60\x60\x60\x60\x60\x60\x60\x60\x60\x60\x60\x60\x60\x60\x60\x60\x60\x60\x60\x60\x60\x60\x60\x60\x60\x60" +
	"\x60\x60\x60\x60\x60\x60\x60\x60\x60\x60\x60\x60\x60\x60\x60\x60\x60\x60\x60\x60\x60\x60\x60\x60\x60\x60\x60\x60\x60\x60\x60\x60" +
	"\x60\x60\x60\x60\x60\x60\x60\x60\x60\x60\x60\x60\x60\x60\x60\x60\x60\x60\x60\x60\x60\x60\x60\x60\x61\x62\x62\x62\x62\x62\x62\x62" +
	"\x62\x62\x62\x62\x62\x62\x62\x62\x62\x62\x62\x62\x62\x62\x62\x62\x62\x62\x62\x62\x62\x62\x62\x62\x62\x62\x62\x62\x62\x62\x62\x62" +
	"\x62\x62\x62\x62\x62\x62\x62\x62\x62\x62\x62\x62\x62\x62\x62\x62\x62\x62\x62\x62\x62\x62\x62\x62\x62\x62\x62\x62\x62\x62\x62\x62" +
	"\x62\x62\x62\x62\x62\x62\x62\x62\x62\x62\x62\x62\x62\x62\x62\x62\x62\x62\x62\x62\x62\x62\x62\x62\x62\x62\x62\x62\x62\x62\x62\x62" +
	"\x62\x62\x62\x62\x62\x62\x62\x62\x62\x62\x62\x62\x62\x62\x62\x62\x62\x62\x62\x62\x62\x62\x62\x62\x62\x63\x63\x64\x64\x64\x64\x64" +
	"\x64\x64\x64\x2e\x2e\x2e\x2e\x2e\x2e\x2e\x2e\x00\x0b\x2e\x2e\x2e\x2e\x2e\x2e\x2e\x2e\x2e\x2e\x2e\x2e\x2e\x2e\x2e\x2e\x2e\x2e\x2e" +
	"\x2e\x2e\x2e\x2e\x2e\x2e\x2e\x2e\x2e\x2e\x2e\x2e\x2e\x2e\x2e\x2e\x2e\x2e\x2e\x2e\x2e\x2e\x2e\x2e\x2e\x2e\x2e\x2e\x2e\x2e\x2e\x2e" +
	"\x2e\x2e\x2e\x2e\x2e\x2e\x2e\x2e\x2e\x2e\x2e\x2e\x2e\x2e\x2e\x2e\x2e\x2e\x2e\x2e\x2e\x2e\x2e\x2e\x2e\x2e\x2e\x2e\x2e\x2e\x2e\x2e" +
	"\x2e\x2e\x2e\x2e\x2e\x2e\x2e\x2e\x2e\x2e\x2e\x2e\x2e\x2e\x2e\x2e\x2e\x2e\x2e\x2e\x2e\x2e\x2e\x2e\x2e\x2e\x2e\x2e\x2e\x2e\x2e\x2e" +
	"\x2e\x2e\x2e\x2e\x2e\x2e\x2e\x2e\x2e\x2e\x2e\x2e\x2e\x2e\x2e\x2e\x2e\x2e\x2e\x2e\x2e\x2e\x2e\x2e\x2e\x2e\x2e\x2e\x2e\x2e\x2e\x2e" +
	"\x2e\x2e\x2e\x2e\x2e\x2e\x2e\x2e\x2e\x2e\x2e\x2e\x2e\x2e\x2e\x2e\x2e\x2e\x2e\x2e\x2e\x2e\x2e\x2e\x2e\x2e\x2e\x2e\x2e\x2e\x2e\x2e" +
	"\x2e\x2e\x2e\x2e\x2e\x2e\x2e\x2e\x2e\x2e\x2e\x2e\x2e\x2e\x2e\x2e\x2e\x2e\x2e\x2e\x2e\x2e\x2e\x2e\x2e\x2e\x2e\x2e\x2e\x2e\x2e\x2e" +
	"\x2e\x2e\x2e\x2e\x2e\x2e\x2e\x2e\x2e\x2e\x2e\x2e\x2e\x2e\x2e\x2e\x2e\x2e\x2e\x2e\x2e\x2e\x2e\x2e\x2e\x2e\x2e\x2e\x2e\x2e\x2e\x2e" +
	"\x2e\x2e\x2e\x2e\x2e\x2e\x2e\x2e\x2e\x2e\x2e\x2e\x2e\x2e\x2e\x2e\x2e\x2e\x2e\x2e\x2e\x2e\x2e\x2e\x2e\x2e\x2e\x2e\x2e\x2e\x2e\x2e" +
	"\x2e\x2e\x2e\x2e\x2e\x2e\x2e\x2e\x2e\x2e\x2e\x2e\x2e\x2e\x2e\x2e\x2e\x2e\x2e\x2e\x2e\x2e\x2e\x2e\x2e\x2e\x2e\x2e\x2e\x2e\x2e\x2e" +
	"\x2e\x2e\x2e\x2e\x2e\x2e\x2e\x2e\x2e\x2e\x2e\x2e\x2e\x2e\x2e\x2e\x2e\x2e\x2e\x2e\x2e\x2e\x2e\x2e\x2e\x2e\x2e\x2e\x2e\x2e\x2e\x2e" +
	"\x2e\x2e\x2e\x2e\x2e\x2e\x2e\x2e\x2e\x2e\x2e\x2e\x2e\x2e\x2e\x2e\x2e\x2e\x2e\x2e\x2e\x2e\x2e\x2e\x2e\x2e\x2e\x2e\x2e\x2e\x2e\x2e" +
	"\x2e\x2e\x2e\x2e\x2e\x2e\x2e\x2e\x2e\x2e\x2e\x2e\x2e\x2e\x2e\x2e\x2e\x2e\x2e\x2e\x2e\x2e\x2e\x2e\x2e\x2e\x2e\x2e\x2e\x2e\x2e\x2e" +
	"\x2e\x2e\x2e\x2e\x2e\x2e\x2e\x2e\x2e\x2e\x2e\x2e\x2e\x2e\x2e\x2e\x2e\x2e\x2e\x2e\x2e\x2e\x2e\x2e\x2e\x2e\x2e\x2e\x2e\x2e\x2e\x2e" +
	"\x2e\x2e\x2e\x2e\x2e\x2e\x2e\x2e\x2e\x2e\x2e\x2e\x2e\x2e\x2e\x2e\x2e\x2e\x2e\x2e\x2e\x2e\x2e\x2e\x2e\x2e\x2e\x2e\x2e\x2e\x2e\x2e" +
	"\x2e\x2e\x2e\x2e\x2e\x2e\x2e\x2e\x2e\x2e\x2e\x2e\x2e\x2e\x2e\x2e\x2e\x2e\x2e\x2e\x2e\x2e\x2e\x2e\x2e\x2e\x2e\x2e\x2e\x2e\x2e\x2e" +
	"\x2e\x2e\x2e\x2e\x2e\x2e\x2e\x2e\x2e\x2e\x2e\x2e\x2e\x2e\x2e\x2e\x2e\x2e\x2e\x2e\x2e\x2e\x2e\x2e\x2e\x2e\x2e\x2e\x2e\x2e\x2e\x2e" +
	"\x2e\x2e\x2e\x2e\x2e\x2e\x2e\x2e\x2e\x2e\x2e\x2e\x2e\x2e\x2e\x2e\x2e\x2e\x2e\x2e\x2e\x2e\x2e\x2e\x2e\x2e\x2e\x2e\x2e\x2e\x2e\x2e" +
	"\x2e\x2e\x2e\x2e\x2e\x2e\x2e\x2e\x2e\x2e\x2e\x2e\x2e\x2e\x2e\x2e\x2e\x2e\x2e\x2e\x2e\x2e\x2e\x2e\x2e\x2e\x2e\x2e\x2e\x2e\x2e\x2e" +
	"\x2e\x2e\x2e\x2e\x2e\x2e\x2e\x2e\x2e\x2e\x2e\x2e\x2e\x2e\x2e\x2e\x2e\x2e\x2e\x2e\x2e\x2e\x2e\x2e\x2e\x2e\x2e\x2e\x2e\x2e\x2e\x2e" +
	"\x2e\x2e\x2e\x2e\x2e\x2e\x2e\x2e\x2e\x2e\x2e\x2e\x2e\x2e\x2e\x2e\x2e\x2e\x2e\x2e\x2e\x2e\x2e\x2e\x2e\x2e\x2e\x2e\x2e\x2e\x2e\x2e" +
	"\x2e\x2e\x2e\x2e\x2e\x2e\x2e\x2e\x2e\x2e\x2e\x2e\x2e\x2e\x2e\x2e\x2e\x2e\x2e\x2e\x2e\x2e\x2e\x2e\x2e\x2e\x2e\x2e\x2e\x2e\x2e\x2e" +
	"\x2e\x2e\x2e\x2e\x2e\x2e\x2e\x2e\x2e\x2e\x2e\x2e\x2e\x2e\x2e\x2e\x2e\x2e\x2e\x2e\x2e\x2e\x2e\x2e\x2e\x2e\x2e\x2e\x2e\x2e\x2e\x2e" +
	"\x2e\x2e\x2e\x2e\x2e\x2e\x2e\x2e\x2e\x2e\x2e\x2e\x2e\x2e\x2e\x2e\x2e\x2e\x2e\x2e\x2e\x2e\x2e\x2e\x2e\x2e\x2e\x2e\x2e\x2e\x2e\x2e" +
	"\x2e\x2e\x2e\x2e\x2e\x2e\x2e\x2e\x2e\x2e\x2e\x2e\x2e\x2e\x2e\x2e\x2e\x2e\x2e\x2e\x2e\x2e\x2e\x2e\x2e\x2e\x2e\x2e\x2e\x2e\x2e\x2e" +
	"\x2e\x2e\x2e\x2e\x2e\x2e\x2e\x2e\x2e\x2e\x2e\x2e\x2e\x2e\x2e\x2e\x2e\x2e\x2e\x2e\x2e\x2e\x2e\x2e\x2e\x2e\x2e\x2e\x2e\x2e\x2e\x2e" +
	"\x2e\x2e\x2e\x2e\x2e\x2e\x2e\x2e\x2e\x2e\x2e\x2e\x2e\x2e\x2e\x2e\x2e\x2e\x2e\x2e\x2e\x2e\x2e\x2e\x2e\x2e\x2e\x2e\x2e\x2e\x2e\x2e" +
	"\x2e\x2e\x2e\x2e\x2e\x2e\x2e\x2e\x2e\x2e\x2e\x2e\x2e\x2e\x2e\x2e\x2e\x2e\x2e\x2e\x2e\x2e\x2e\x2e\x2e\x2e\x2e\x2e\x2e\x2e\x2e\x2e" +
	"\x2e\x2e\x2e\x2e\x2e\x2e\x2e\x2e\x2e\x2e\x2e\x2e\x2e\x2e\x2e\x2e\x2e\x2e\x2e\x2e\x2e\x2e\x2e\x2e\x2e\x2e\x2e\x2e\x2e\x2e\x2e\x2e" +
	"\x2e\x2e\x2e\x2e\x2e\x2e\x2e\x2e\x2e\x2e\x2e\x2e\x2e\x2e\x2e\x2e\x2e\x2e\x2e\x2e\x2e\x2e\x2e\x2e\x2e\x2e\x2e\x2e\x2e\x2e\x2e\x2e" +
	"\x2e\x2e\x2e\x2e\x2e\x2e\x2e\x2e\x2e\x2e\x2e\x2e\x2e\x2e\x2e\x2e\x2e\x2e\x2e\x2e\x2e\x2e\x2e\x2e\x2e\x2e\x2e\x2e\x2e\x2e\x2e\x2e" +
	"\x2e\x2e\x2e\x2e\x2e\x2e\x2e\x2e\x2e\x2e\x2e\x2e\x2e\x2e\x2e\x2e\x2e\x2e\x2e\x2e\x2e\x2e\x2e\x2e\x2e\x2e\x2e\x2e\x2e\x2e\x2e\x2e" +
	"\x2e\x2e\x2e\x2e\x2e\x2e\x2e\x2e\x2e\x2e\x2e\x2e\x2e\x2e\x2e\x2e\x2e\x2e\x2e\x2e\x2e\x2e\x2e\x2e\x2e\x2e\x2e\x2e\x2e\x2e\x2e\x2e" +
	"\x2e\x2e\x2e\x2e\x2e\x2e\x2e\x2e\x2e\x2e\x2e\x2e\x2e\x2e\x2e\x2e\x2e\x2e\x2e\x2e\x2e\x2e\x2e\x2e\x2e\x2e\x2e\x2e\x2e\x2e\x2e\x2e" +
	"\x2e\x2e\x2e\x2e\x2e\x2e\x2e\x2e\x2e\x2e\x2e\x2e\x2e\x2e\x2e\x2e\x2e\x2e\x2e\x2e\x2e\x2e\x2e\x2e\x2e\x2e\x2e\x2e\x2e\x2e\x2e\x2e" +
	"\x2e\x2e\x2e\x2e\x2e\x2e\x2e\x2e\x2e\x2e\x2e\x2e\x2e\x2e\x2e\x2e\x2e\x2e\x2e\x2e\x2e\x2e\x2e\x2e\x2e\x2e\x2e\x2e\x2e\x2e\x2e\x2e" +
	"\x2e\x2e\x2e\x2e\x2e\x2e\x2e\x2e\x2e\x2e\x2e\x2e\x2e\x2e\x2e\x2e\x2e\x2e\x2e\x2e\x2e\x2e\x2e\x2e\x2e\x2e\x2e\x2e\x2e\x2e\x2e\x2e" +
	"\x2e\x2e\x2e\x2e\x2e\x2e\x2e\x2e\x2e\x2e\x2e\x2e\x2e\x2e\x2e\x2e\x2e\x2e\x2e\x2e\x2e\x2e\x2e\x2e\x2e\x2e\x2e\x2e\x2e\x2e\x2e\x2e" +
	"\x2e\x2e\x2e\x2e\x2e\x2e\x2e\x2e\x2e\x2e\x2e\x2e\x2e\x2e\x2e\x2e\x2e\x2e\x2e\x2e\x2e\x2e\x2e\x2e\x2e\x2e\x2e\x2e\x2e\x2e\x2e\x2e" +
	"\x2e\x2e\x2e\x2e\x2e\x2e\x2e\x2e\x2e\x2e\x2e\x2e\x2e\x2e\x2e\x2e\x2e\x2e\x2e\x2e\x2e\x2e\x2e\x2e\x2e\x2e\x2e\x2e\x2e\x2e\x2e\x2e" +
	"\x2e\x2e\x2e\x2e\x2e\x2e\x2e\x2e\x2e\x2e\x2e\x2e\x2e\x2e\x2e\x2e\x2e\x2e\x2e\x2e\x2e\x2e\x2e\x2e\x2e\x2e\x2e\x2e\x2e\x2e\x2e\x2e" +
	"\x2e\x2e\x2e\x2e\x2e\x2e\x2e\x2e\x2e\x2e\x2e\x2e\x2e\x2e\x2e\x2e\x2e\x2e\x2e\x2e\x2e\x2e\x2e\x2e\x2e\x2e\x2e\x2e\x2e\x2e\x2e\x2e" +
	"\x2e\x2e\x2e\x2e\x2e\x2e\x2e\x2e\x2e\x2e\x2e\x2e\x2e\x2e\x2e\x2e\x2e\x2e\x2e\x2e\x2e\x2e\x2e\x2e\x2e\x2e\x2e\x2e\x2e\x2e\x2e\x2e" +
	"\x2e\x2e\x2e\x2e\x2e\x2e\x2e\x2e\x2e\x2e\x2e\x2e\x2e\x2e\x2e\x2e\x2e\x2e\x2e\x2e\x2e\x2e\x2e\x2e\x2e\x2e\x2e\x2e\x2e\x2e\x2e\x2e" +
	"\x2e\x2e\x2e\x2e\x2e\x2e\x2e\x2e\x2e\x2e\x2e\x2e\x2e\x2e\x2e\x2e\x2e\x2e\x2e\x2e\x2e\x2e\x2e\x2e\x2e\x2e\x2e\x2e\x2e\x2e\x2e\x2e" +
	"\x2e\x2e\x2e\x2e\x2e\x2e\x2e\x2e\x2e\x2e\x2e\x2e\x2e\x2e\x2e\x2e\x2e\x2e\x2e\x2e\x2e\x2e\x2e\x2e\x2e\x2e\x2e\x2e\x2e\x2e\x2e\x2e" +
	"\x2e\x2e\x2e\x2e\x2e\x2e\x2e\x2e\x2e\x2e\x2e\x2e\x2e\x2e\x2e\x2e\x2e\x2e\x2e\x2e\x2e\x2e\x2e\x2e\x2e\x2e\x2e\x2e\x2e\x2e\x2e\x2e" +
	"\x2e\x2e\x2e\x2e\x2e\x2e\x2e\x2e\x2e\x2e\x2e\x2e\x2e\x2e\x2e\x2e\x2e\x2e\x2e\x2e\x2e\x2e\x2e\x2e\x2e\x2e\x2e\x2e\x2e\x2e\x2e\x2e" +
	"\x2e\x2e\x2e\x2e\x2e\x2e\x2e\x2e\x2e\x2e\x2e\x2e\x2e\x2e\x2e\x2e\x2e\x2e\x2e\x2e\x2e\x2e\x2e\x2e\x2e\x2e\x2e\x2e\x2e\x2e\x2e\x2e" +
	"\x2e\x2e\x2e\x2e\x2e\x2e\x2e\x2e\x2e\x2e\x2e\x2e\x2e\x2e\x2e\x2e\x2e\x2e\x2e\x2e\x2e\x2e\x2e\x2e\x2e\x2e\x2e\x2e\x2e\x2e\x2e\x2e" +
	"\x2e\x2e\x2e\x2e\x2e\x2e\x2e\x2e\x2e\x2e\x2e\x2e\x2e\x2e\x2e\x2e\x2e\x2e\x2e\x2e\x2e\x2e\x2e\x2e\x2e\x2e\x2e\x2e\x2e\x2e\x2e\x2e" +
	"\x2e\x2e\x2e\x2e\x2e\x2e\x2e\x2e\x2e\x2e\x2e\x2e\x2e\x2e\x2e\x2e\x2e\x2e\x2e\x2e\x2e\x2e\x2e\x2e\x2e\x2e\x2e\x2e\x2e\x2e\x2e\x2e" +
	"\x2e\x2e\x2e\x2e\x2e\x2e\x2e\x2e\x2e\x2e\x2e\x2e\x2e\x2e\x2e\x2e\x2e\x2e\x2e\x2e\x2e\x2e\x2e\x2e\x2e\x2e\x2e\x2e\x2e\x2e\x2e\x2e" +
	"\x2e\x2e\x2e\x2e\x2e\x2e\x2e\x2e\x2e\x2e\x2e\x2e\x2e\x2e\x2e\x2e\x2e\x2e\x2e\x2e\x2e\x2e\x2e\x2e\x2e\x2e\x2e\x2e\x2e\x2e\x2e\x2e" +
	"\x2e\x2e\x2e\x2e\x2e\x2e\x2e\x2e\x2e\x2e\x2e\x2e\x2e\x65\x65\x65\x65\x65\x65\x65\x65\x65\x65\x65\x65\x65\x65\x65\x65\x66\x66\x66" +
	"\x66\x66\x66\x66\x66\x66\x66\x66\x66\x66\x66\x66\x66\x66\x66\x66\x66\x66\x66\x66\x66\x66\x66\x66\x66\x66\x66\x66\x66\x2e\x2e\x2e" +
	"\x2e\x2e\x2e\x2e\x2e\x2e\x2e\x2e\x2e\x2e\x2e\x2e\x2e\x2e\x2e\x2e\x2e\x2e\x2e\x2e\x2e\x2e\x2e\x2e\x2e\x2e\x2e\x2e\x2e\x2e\x2e\x2e" +
	"\x2e\x2e\x2e\x2e\x2e\x2e\x2e\x2e\x2e\x2e\x2e\x2e\x2e\x2e\x2e\x2e\x2e\x2e\x2e\x2e\x2e\x2e\x2e\x2e\x2e\x2e\x2e\x2e\x2e\x2e\x2e\x2e" +
	"\x2e\x2e\x2e\x2e\x2e\x2e\x2e\x2e\x2e\x2e\x2e\x2e\x2e\x2e\x2e\x2e\x2e\x2e\x2e\x2e\x2e\x2e\x2e\x2e\x2e\x2e\x2e\x2e\x2e\x2e\x2e\x2e" +
	"\x2e\x2e\x2e\x2e\x2e\x2e\x2e\x2e\x2e\x2e\x2e\x2e\x2e\x2e\x2e\x2e\x2e\x2e\x2e\x2e\x2e\x2e\x2e\x2e\x2e\x2e\x2e\x2e\x2e\x2e\x2e\x2e" +
	"\x2e\x2e\x2e\x2e\x2e\x2e\x2e\x2e\x2e\x2e\x2e\x2e\x2e\x2e\x2e\x2e\x2e\x2e\x2e\x2e\x2e\x2e\x2e\x2e\x2e\x2e\x2e\x2e\x2e\x2e\x2e\x2e" +
	"\x2e\x2e\x2e\x2e\x2e\x2e\x2e\x2e\x2e\x2e\x2e\x2e\x2e\x2e\x2e\x2e\x2e\x2e\x2e\x2e\x2e\x2e\x2e\x2e\x2e\x2e\x2e\x2e\x2e\x67\x67\x67" +
	"\x67\x67\x67\x67\x67\x67\x67\x67\x67\x67\x67\x67\x67\x67\x67\x67\x67\x67\x67\x67\x67\x67\x67\x67\x67\x67\x67\x67\x67\x67\x67\x67" +
	"\x67\x67\x67\x67\x67\x67\x67\x67\x67\x67\x67\x67\x67\x67\x67\x67\x67\x67\x67\x67\x67\x67\x67\x67\x67\x67\x67\x67\x67\x67\x67\x67" +
	"\x67\x67\x67\x67\x67\x67\x67\x67\x67\x67\x67\x67\x67\x67\x67\x67\x67\x67\x67\x67\x67\x67\x67\x67\x67\x67\x67\x67\x67\x67\x67\x67" +
	"\x67\x67\x67\x67\x67\x67\x67\x67\x67\x67\x67\x67\x67\x67\x67\x67\x67\x67\x67\x67\x67\x67\x67\x67\x67\x67\x67\x67\x67\x67\x67\x67" +
	"\x67\x67\x67\x67\x67\x67\x67\x67\x67\x67\x67\x67\x67\x67\x67\x67\x67\x67\x67\x67\x67\x67\x67\x67\x67\x67\x67\x67\x67\x67\x67\x67" +
	"\x67\x67\x67\x67\x67\x67\x67\x67\x67\x67\x67\x67\x67\x67\x67\x67\x67\x67\x67\x67\x67\x67\x67\x67\x67\x67\x67\x67\x67\x67\x67\x67" +
	"\x67\x67\x67\x67\x67\x67\x67\x67\x67\x67\x67\x67\x67\x67\x67\x67\x67\x67\x67\x67\x67\x67\x67\x67\x67\x67\x67\x67\x67\x67\x67\x67" +
	"\x67\x67\x67\x67\x67\x67\x67\x67\x67\x67\x67\x67\x67\x67\x67\x67\x67\x67\x67\x67\x67\x67\x67\x67\x67\x67\x67\x67\x67\x2e\x2e\x2e" +
	"\x2e\x2e\x2e\x2e\x2e\x2e\x2e\x2e\x2e\x2e\x2e\x2e\x2e\x2e\x2e\x2e\x2e\x2e\x2e\x2e\x2e\x2e\x2e\x2e\x2e\x2e\x2e\x2e\x2e\x2e\x2e\x2e" +
	"\x2e\x2e\x2e\x2e\x2e\x2e\x2e\x2e\x2e\x2e\x2e\x2e\x2e\x2e\x2e\x2e\x2e\x2e\x2e\x2e\x2e\x2e\x2e\x2e\x2e\x2e\x2e\x2e\x2e\x2e\x2e\x2e" +
	"\x2e\x2e\x2e\x2e\x2e\x2e\x2e\x2e\x2e\x2e\x2e\x2e\x2e\x2e\x2e\x2e\x2e\x2e\x2e\x2e\x2e\x2e\x2e\x2e\x2e\x2e\x2e\x2e\x2e\x2e\x2e\x2e" +
	"\x2e\x2e\x2e\x2e\x2e\x2e\x2e\x2e\x2e\x2e\x2e\x2e\x2e\x2e\x2e\x2e\x2e\x2e\x2e\x2e\x2e\x2e\x2e\x2e\x2e\x2e\x2e\x2e\x2e\x2e\x2e\x2e" +
	"\x2e\x2e\x2e\x2e\x2e\x2e\x2e\x2e\x2e\x2e\x2e\x2e\x2e\x2e\x2e\x2e\x2e\x2e\x2e\x2e\x2e\x2e\x2e\x2e\x2e\x2e\x2e\x2e\x2e\x2e\x2e\x2e" +
	"\x2e\x2e\x2e\x2e\x2e\x2e\x2e\x2e\x2e\x2e\x2e\x2e\x2e\x2e\x2e\x2e\x2e\x2e\x2e\x2e\x2e\x2e\x2e\x2e\x2e\x2e\x2e\x2e\x2e\x68\x69\x69" +
	"\x69\x69\x69\x69\x69\x69\x69\x69\x69\x69\x69\x69\x69\x69\x69\x69\x69\x69\x6a\x6a\x6a\x6a\x6a\x6a\x6a\x6a\x6a\x6a\x6a\x6a\x6a\x6a" +
	"\x6a\x6a\x6a\x6a\x6a\x6a\x6b\x6b\x6b\x6b\x6b\x6b\x6b\x6b\x6b\x6b\x6b\x6b\x6b\x6b\x6b\x6b\x6b\x6b\x6b\x6b\x6b\x6b\x6b\x6b\x6b\x6b" +
	"\x6b\x6b\x6b\x6b\x6b\x6b\x6b\x6b\x6b\x6b\x6b\x6b\x6b\x6b\x6b\x6b\x6b\x6b\x6b\x6b\x6b\x6b\x6b\x6b\x6b\x6b\x6b\x6b\x6c\x6d\x6e\x6f" +
	"\x70\x70\x70\x70\x70\x70\x70\x70\x70\x70\x70\x70\x70\x70\x70\x70\x70\x70\x70\x70\x70\x70\x70\x70\x70\x70\x70\x70\x70\x70\x70\x70" +
	"\x71\x71\x71\x71\x71\x71\x71\x71\x71\x71\x71\x71\x71\x71\x71\x71\x72\x73\x73\x73\x73\x73\x73\x73\x73\x73\x73\x73\x73\x73\x73\x73" +
	"\x73\x73\x73\x73\x73\x73\x73\x73\x73\x73\x73\x73\x73\x73\x73\x73\x73\x73\x73\x73\x73\x73\x73\x73\x73\x74\x74\x74\x74\x74\x74\x74" +
	"\x74\x74\x74\x74\x74\x74\x74\x74\x74\x75\x75\x76\x77\x0b\x0b\x0b\x0b\x0b\x0b\x0b\x0b\x0b\x0b\x0b\x0b\x0b\x0b\x0b\x0b\x0b\x0b\x0b" +
	"\x0b\x0b\x0b\x0b\x0b\x0b\x0b\x0b\x0b\x0b\x0b\x0b\x0b\x0b\x0b\x0b\x0b\x0b\x0b\x0b\x0b\x0b\x0b\x0b\x0b\x0b\x0b\x0b\x0b\x0b\x0b\x0b" +
	"\x0b\x0b\x0b\x0b\x0b\x0b\x0b\x0b\x0b\x0b\x0b\x0b\x0b\x0b\x0b\x0b\x0b\x0b\x0b\x0b\x0b\x0b\x0b\x0b\x0b\x0b\x0b\x0b\x0b\x0b\x0b\x0b" +
	"\x0b\x0b\x0b\x0b\x0b\x0b\x0b\x0b\x0b\x0b\x0b\x0b\x0b\x0b\x0b\x0b\x0b\x0b\x0b\x0b\x0b\x0b\x0b\x0b\x0b\x0b\x0b\x0b\x0b\x0b\x0b\x0b" +
	"\x0b\x0b\x0b\x0b\x0b\x0b\x0b\x0b\x0b\x0b\x0b\x0b\x0b\x0b\x0b\x0b\x0b\x0b\x0b\x0b\x0b\x0b\x0b\x0b\x0b\x0b\x0b\x0b\x0b\x0b\x0b\x0b" +
	"\x0b\x0b\x0b\x0b\x0b\x0b\x0b\x0b\x0b\x0b\x0b\x0b\x0b\x0b\x0b\x0b\x0b\x0b\x0b\x0b\x0b\x0b\x0b\x0b\x0b\x0b\x0b\x0b\x0b\x0b\x0b\x0b" +
	"\x0b\x0b\x0b\x0b\x0b\x0b\x0b\x0b\x0b\x0b\x0b\x0b\x0b\x0b\x0b\x0b\x0b\x0b\x0b\x0b\x0b\x0b\x0b\x0b\x0b\x0b\x0b\x0b\x0b\x0b\x0b\x0b" +
	"\x0b\x0b\x0b\x0b\x0b\x0b\x0b\x0b\x0b\x0b\x0b\x0b\x0b\x0b\x0b\x0b\x0b\x0b\x0b\x0b\x0b\x0b\x0b\x0b\x0b\x0b\x0b\x0b\x0b\x0b\x0b\x0b" +
	"\x0b\x0b\x0b\x0b\x0b\x0b\x0b\x0b\x0b\x0b\x0b\x0b\x0b\x0b\x0b\x0b\x0b\x0b\x0b\x0b\x0b\x0b\x0b\x0b\x0b\x0b\x0b\x0b\x0b\x0b\x0b\x0b" +
	"\x0b\x0b\x0b\x0b\x0b\x0b\x0b\x0b\x0b\x0b\x0b\x0b\x0b\x0b\x0b\x0b\x0b\x0b\x0b\x0b\x0b\x0b\x0b\x0b\x0b\x0b\x0b\x0b\x0b\x0b\x0b\x0b" +
	"\x0b\x0b\x0b\x0b\x0b\x0b\x0b\x0b\x0b\x0b\x0b\x0b\x0b\x0b\x0b\x0b\x0b\x0b\x0b\x0b\x0b\x0b\x0b\x0b\x0b\x0b\x0b\x0b\x0b\x0b\x0b\x0b" +
	"\x0b\x0b\x0b\x0b\x0b\x0b\x0b\x0b\x0b\x0b\x0b\x0b\x0b\x0b\x0b\x0b\x0b\x0b\x0b\x0b\x0b\x0b\x0b\x0b\x0b\x0b\x0b\x0b\x0b\x0b\x0b\x0b" +
	"\x0b\x0b\x0b\x0b\x0b\x0b\x0b\x0b\x0b\x0b\x0b\x0b\x0b\x0b\x0b\x0b\x0b\x0b\x0b\x0b\x0b\x0b\x0b\x0b\x0b\x0b\x0b\x0b\x0b\x0b\x0b\x0b" +
	"\x0b\x0b\x0b\x0b\x0b\x0b\x0b\x0b\x0b\x0b\x0b\x78\x78\x78\x78\x78\x78\x78\x78\x78\x78\x78\x78\x78\x78\x78\x78\x78\x78\x78\x78\x78" +
	"\x78\x78\x78\x78\x78\x78\x78\x78\x78\x78\x78\x78\x78\x78\x78\x78\x78\x78\x78\x78\x78\x78\x78\x78\x78\x78\x78\x78\x78\x78\x78\x78" +
	"\x78\x78\x78\x78\x78\x78\x78\x78\x78\x78\x78\x78\x78\x78\x78\x78\x78\x78\x78\x78\x78\x78\x78\x78\x78\x78\x78\x78\x78\x78\x78\x78" +
	"\x78\x78\x78\x78\x78\x78\x78\x78\x78\x78\x78\x78\x78\x78\x78\x78\x78\x78\x78\x78\x78\x78\x78\x78\x78\x78\x78\x78\x78\x78\x78\x78" +
	"\x78\x78\x78\x78\x78\x78\x78\x78\x78\x78\x78\x78\x78\x78\x78\x78\x78\x78\x78\x78\x78\x78\x78\x78\x78\x78\x78\x78\x78\x78\x78\x78" +
	"\x78\x78\x78\x78\x78\x78\x78\x78\x78\x78\x78\x78\x78\x78\x78\x78\x78\x78\x78\x78\x78\x78\x78\x78\x78\x78\x78\x78\x78\x78\x78\x78" +
	"\x78\x78\x78\x78\x78\x78\x78\x78\x78\x78\x78\x78\x78\x78\x78\x78\x78\x78\x78\x78\x78\x78\x78\x78\x78\x78\x78\x78\x78\x78\x78\x78" +
	"\x78\x78\x78\x78\x78\x78\x78\x78\x78\x78\x78\x78\x78\x78\x78\x78\x78\x78\x78\x78\x78\x78\x78\x78\x78\x78\x78\x78\x78\x78\x78\x78" +
	"\x78\x78\x78\x78\x78\x78\x78\x78\x78\x78\x78\x78\x78\x78\x78\x78\x78\x78\x78\x78\x78\x78\x78\x78\x78\x78\x78\x78\x78\x78\x78\x78" +
	"\x78\x78\x78\x78\x78\x78\x78\x78\x78\x78\x78\x78\x78\x78\x78\x78\x78\x78\x78\x78\x78\x78\x78\x78\x78\x78\x78\x78\x78\x78\x78\x78" +
	"\x78\x78\x78\x78\x78\x78\x78\x78\x78\x78\x78\x78\x78\x78\x78\x78\x78\x78\x78\x78\x78\x78\x78\x78\x78\x78\x78\x78\x78\x78\x78\x78" +
	"\x78\x78\x78\x78\x78\x78\x78\x78\x78\x78\x78\x78\x78\x78\x78\x78\x78\x78\x78\x78\x78\x78\x78\x78\x78\x78\x78\x78\x78\x78\x78\x78" +
	"\x78\x78\x78\x78\x78\x78\x78\x78\x78\x78\x78\x78\x78\x78\x78\x78\x78\x78\x78\x78\x78\x78\x78\x78\x78\x78\x78\x78\x78\x78\x78\x78" +
	"\x78\x78\x78\x78\x78\x78\x79\x79\x79\x79\x79\x79\x79\x79\x79\x79\x79\x79\x79\x79\x79\x79\x79\x79\x79\x79\x79\x79\x79\x79\x79\x79" +
	"\x79\x79\x79\x79\x79\x79\x79\x79\x79\x79\x79\x79\x79\x79\x79\x79\x79\x79\x79\x79\x79\x79\x79\x79\x79\x79\x79\x79\x79\x79\x79\x79" +
	"\x79\x79\x79\x79\x79\x79\x79\x79\x79\x79\x79\x79\x79\x79\x79\x79\x79\x79\x79\x79\x79\x79\x79\x79\x79\x79\x79\x79\x79\x79\x79\x79" +
	"\x79\x79\x79\x79\x79\x79\x79\x79\x79\x79\x79\x79\x79\x79\x79\x79\x79\x79\x79\x79\x79\x79\x79\x79\x79\x79\x79\x79\x79\x79\x79\x79" +
	"\x79\x79\x79\x79\x79\x79\x79\x79\x79\x79\x79\x79\x79\x79\x79\x79\x79\x79\x79\x79\x79\x79\x79\x79\x79\x79\x79\x79\x79\x79\x79\x79" +
	"\x79\x79\x79\x79\x79\x79\x79\x79\x79\x79\x79\x79\x79\x79\x79\x79\x79\x79\x79\x79\x79\x79\x79\x79\x79\x79\x79\x79\x79\x79\x79\x79" +
	"\x79\x79\x79\x79\x79\x79\x79\x79\x79\x79\x79\x79\x79\x79\x79\x79\x79\x79\x79\x79\x79\x79\x79\x79\x79\x79\x79\x79\x79\x79\x79\x79" +
	"\x79\x79\x79\x79\x79\x79\x79\x79\x79\x79\x79\x79\x79\x79\x79\x79\x79\x79\x79\x79\x79\x79\x79\x79\x79\x79\x79\x79\x79\x79\x79\x79" +
	"\x79\x79\x79\x79\x79\x79\x79\x79\x79\x79\x79\x79\x79\x79\x79\x79\x79\x79\x79\x79\x79\x79\x79\x79\x79\x79\x79\x79\x79\x79\x79\x79" +
	"\x79\x79\x79\x79\x79\x79\x79\x79\x79\x79\x79\x79\x79\x79\x79\x79\x79\x79\x79\x79\x79\x79\x79\x79\x79\x79\x79\x79\x79\x79\x79\x79" +
	"\x79\x79\x79\x79\x79\x79\x79\x79\x79\x79\x79\x79\x79\x79\x79\x79\x79\x79\x79\x79\x79\x79\x79\x79\x79\x79\x79\x79\x79\x79\x79\x79" +
	"\x79\x79\x79\x79\x79\x79\x79\x79\x79\x79\x79\x79\x79\x79\x79\x79\x79\x79\x79\x79\x79\x79\x79\x79\x79\x79\x79\x79\x79\x79\x79\x79" +
	"\x79\x79\x79\x79\x79\x79\x79\x79\x79\x79\x79\x79\x79\x79\x79\x79\x79\x79\x79\x79\x79\x79\x79\x79\x79\x79\x79\x79\x79\x79\x79\x79" +
	"\x79\x7a\x7a\x7a\x7a\x7a\x7a\x7a\x7a\x7a\x7a\x7a\x7a\x7a\x7a\x7a\x7a\x7a\x7a\x7a\x7a\x7a\x7a\x7a\x7a\x7a\x7a\x7a\x7a\x7a\x7a\x7a" +
	"\x7a\x7a\x7a\x7a\x7a\x7a\x7a\x7a\x7a\x7a\x7a\x7a\x7a\x7a\x7a\x7a\x7a\x7a\x7a\x7a\x7a\x7a\x7a\x7a\x7a\x7a\x7a\x7a\x7a\x7a\x7a\x7a" +
	"\x7a\x7a\x7a\x7a\x7a\x7a\x7a\x7a\x7a\x7a\x7a\x7a\x7a\x7a\x7a\x7a\x7a\x7a\x7a\x7a\x7a\x7a\x7a\x7a\x7a\x7a\x7a\x7a\x7a\x7a\x7a\x7a" +
	"\x7a\x7a\x7a\x7a\x7a\x7a\x7a\x7a\x7a\x7a\x7a\x7a\x7a\x7a\x7a\x7a\x7a\x7a\x7a\x7a\x7a\x7a\x7a\x7a\x7a\x7a\x7a\x7a\x7a\x7a\x7a\x7a" +
	"\x7a\x7a\x7a\x7a\x7a\x7a\x7a\x7a\x7a\x7a\x7a\x7a\x7a\x7a\x7a\x7a\x7a\x7a\x7a\x7a\x7a\x7a\x7a\x7a\x7a\x7a\x7a\x7a\x7a\x7a\x7a\x7a" +
	"\x7a\x7a\x7a\x7a\x7a\x7a\x7a\x7a\x7a\x7a\x7a\x7a\x7a\x7a\x7a\x7a\x7a\x7a\x7a\x7a\x7a\x7a\x7a\x7a\x7a\x7a\x7a\x7a\x7a\x7a\x7a\x7a" +
	"\x7a\x7a\x7a\x7a\x7a\x7a\x7a\x7a\x7a\x7a\x7a\x7a\x7a\x7a\x7a\x7a\x7a\x7a\x7a\x7a\x7a\x7a\x7a\x7a\x7a\x7a\x7a\x7a\x7a\x7a\x7a\x7a" +
	"\x7a\x7a\x7a\x7a\x7a\x7a\x7a\x7a\x7a\x7a\x7a\x7a\x7a\x7a\x7a\x7a\x7a\x7a\x7a\x7a\x7a\x7a\x7a\x7a\x7a\x7a\x7a\x7a\x7a\x7a\x7a\x7a" +
	"\x7a\x7a\x7a\x7a\x7a\x7a\x7a\x7a\x7a\x7a\x7a\x7a\x7a\x7a\x7a\x7a\x7a\x7a\x7a\x7a\x7a\x7a\x7a\x7a\x7a\x7a\x7a\x7a\x7a\x7a\x7a\x7a" +
	"\x7a\x7a\x7a\x7a\x7a\x7a\x7a\x7a\x7a\x7a\x7a\x7a\x7a\x7a\x7a\x7a\x7a\x7a\x7a\x7a\x7a\x7a\x7a\x7a\x7a\x7a\x7a\x7a\x7a\x7a\x7a\x7a" +
	"\x7a\x7a\x7a\x7a\x7a\x7a\x7a\x7a\x7a\x7a\x7a\x7a\x7a\x7a\x7a\x7a\x7a\x7a\x7a\x7a\x7a\x7a\x7a\x7a\x7a\x7a\x7a\x7a\x7a\x7a\x7a\x7a" +
	"\x7a\x7a\x7a\x7a\x7a\x7a\x7a\x7a\x7a\x7a\x7a\x7a\x7a\x7a\x7a\x7a\x7a\x7a\x7a\x7a\x7a\x7a\x7a\x7a\x7a\x7a\x7a\x7a\x7a\x7a\x7a\x7a" +
	"\x7a\x7a\x7a\x7a\x7a\x7a\x7a\x7a\x7a\x7a\x7a\x7a\x7a\x7a\x7a\x7a\x7a\x7a\x7a\x7a\x7a\x7a\x7a\x7a\x7a\x7a\x7a\x7a\x7a\x7a\x79\x0b" +
	"\x0b\x0b\x2b\x00\x00\x00\x00\x00\x7b\x7b\x7b\x7b\x7b\x7b\x7b\x7b\x7b\x7c\x0b\x7d\x7d\x7d\x7d\x7d\x7d\x7d\x7d\x7e\x7e\x7e\x7e\x7e" +
	"\x7e\x7e\x7e\x00\x00\x00\x00\x00\x00\x00\x00\x00\x00\x00\x00\x00\x00\x00\x00\x00\x00\x00\x00\x00\x00\x00\x00\x00\x00\x00\x00\x00" +
	"\x00\x00\x00\x00\x00\x00\x00\x00\x00\x00\x00\x00\x00\x00\x00\x00\x00\x00\x00\x7f\x7f\x7f\x7f\x7f\x7f\x7f\x7f\x7f\x7f\x7f\x7f\x80" +
	"\x80\x80\x80\x80\x80\x80\x80\x80\x80\x80\x80\x80\x80\x80\x80\x80\x80\x80\x80\x80\x80\x80\x80\x80\x80\x80\x80\x80\x80\x80\x80\x81" +
	"\x81\x72\x6f\x6f\x6f\x6f\x6f\x6f\x6f\x6f\x6f\x6f\x6f\x6f\x6f\x6f\x6f\x6f\x6f\x6f\x6f\x6f\x6f\x6f\x6f\x6f\x6f\x6f\x6f\x6f\x6f\x6f" +
	"\x6f\x6f\x6f\x6f\x6f\x6f\x6f\x6f\x6f\x6f\x6f\x6f\x6f\x6f\x6f\x6f\x6f\x6f\x6f\x6f\x6f\x6f\x6f\x6f\x6f\x6f\x6f\x6f\x6f\x6f\x6f\x6f" +
	"\x6f\x6f\x6f\x6f\x6f\x6f\x6f\x6f\x6f\x6f\x6f\x6f\x6f\x6f\x6f\x6f\x6f\x6f\x6f\x6f\x6f\x6f\x6f\x6f\x6f\x6f\x6f\x6f\x6f\x6f\x6f\x6f" +
	"\x6f\x6f\x6f\x6f\x6f\x6f\x6f\x6f\x6f\x6f\x6f\x6f\x6f\x6f\x6f\x6f\x6f\x6f\x6f\x6f\x6f\x6f\x6f\x6f\x6f\x6f\x6f\x6f\x6f\x6f\x6f\x6f" +
	"\x6f\x6f\x6f\x6f\x6f\x6f\x6f\x6f\x6f\x6f\x6f\x6f\x6f\x6f\x6f\x6f\x6f\x6f\x6f\x6f\x6f\x6f\x6f\x6f\x6f\x6f\x6f\x6f\x6f\x6f\x6f\x6f" +
	"\x6f\x6f\x6f\x6f\x6f\x6f\x01\x01\x00\x00\x44"

// openCloseRuns are [first state, last state, openCloseDefs index], sorted by state.
var openCloseRuns = [...][3]uint16{
	{7243, 7306, 1},
	{8465, 8528, 2},
	{8784, 9103, 3},
	{9104, 9167, 4},
	{9168, 9423, 3},
	{9424, 9487, 5},
	{10380, 10411, 6},
	{14414, 14477, 7},
	{15331, 15458, 6},
	{15459, 15490, 8},
	{15491, 15618, 6},
	{15619, 15650, 9},
	{15971, 16226, 1},
	{16227, 16290, 10},
	{16291, 16546, 1},
	{16547, 16610, 11},
	{24471, 24598, 12},
	{24599, 24662, 13},
	{24871, 24998, 14},
	{31853, 32364, 15},
	{32365, 32876, 16},
}

// blockFirstState[java block id] is the block's first state id; a block's states are contiguous.
var blockFirstState = [...]uint16{
	0, 1, 2, 3, 4, 5, 6, 7, 8, 10, 11, 12, 14, 15, 16, 17,
	18, 19, 20, 21, 22, 25, 26, 27, 28, 29, 30, 32, 34, 36, 38, 40,
	42, 44, 46, 86, 88, 89, 105, 121, 122, 126, 127, 128, 132, 133, 134, 135,
	136, 137, 138, 139, 142, 145, 148, 151, 154, 157, 160, 163, 166, 169, 171, 174,
	177, 180, 183, 186, 189, 192, 195, 198, 201, 204, 207, 210, 213, 216, 219, 222,
	225, 228, 231, 234, 237, 240, 243, 246, 249, 252, 255, 258, 261, 264, 267, 295,
	323, 351, 379, 407, 435, 463, 491, 519, 547, 575, 603, 631, 659, 660, 661, 662,
	663, 664, 665, 677, 678, 679, 680, 2030, 2046, 2062, 2078, 2094, 2110, 2126, 2142, 2158,
	2174, 2190, 2206, 2222, 2238, 2254, 2270, 2286, 2302, 2326, 2350, 2362, 2363, 2364, 2365, 2366,
	2367, 2368, 2369, 2370, 2371, 2373, 2385, 2409, 2410, 2411, 2412, 2413, 2414, 2415, 2416, 2417,
	2418, 2419, 2420, 2421, 2422, 2423, 2424, 2425, 2505, 2585, 2665, 2745, 2825, 2905, 2985, 3065,
	3145, 3225, 3305, 3385, 3465, 3545, 3625, 3705, 3711, 3717, 3723, 3729, 3735, 3741, 3747, 3753,
	3759, 3765, 3771, 3777, 3783, 3789, 3795, 3801, 3813, 3814, 3815, 3816, 3817, 3818, 3819, 3820,
	3821, 3822, 3823, 3824, 3825, 3826, 3827, 3828, 3829, 3830, 3831, 3832, 3833, 3835, 3836, 4092,
	4156, 4220, 4284, 4348, 4412, 4476, 4540, 4604, 4668, 4732, 4796, 4860, 4924, 4925, 4926, 4927,
	4931, 5443, 5444, 5445, 5463, 5543, 5567, 6863, 6864, 6865, 6866, 6867, 6875, 6883, 6891, 6923,
	6955, 6987, 7019, 7051, 7083, 7115, 7147, 7179, 7211, 7243, 7307, 7315, 7335, 7415, 7423, 7431,
	7439, 7447, 7455, 7463, 7471, 7479, 7487, 7495, 7503, 7567, 7631, 7695, 7759, 7823, 7887, 7951,
	8015, 8079, 8143, 8207, 8271, 8335, 8343, 8351, 8359, 8367, 8375, 8383, 8391, 8399, 8407, 8415,
	8423, 8431, 8439, 8463, 8465, 8529, 8531, 8533, 8535, 8537, 8539, 8541, 8543, 8545, 8547, 8549,
	8551, 8553, 8555, 8557, 8565, 8589, 8597, 8598, 8599, 8615, 8616, 8617, 8633, 8635, 8667, 8668,
	8669, 8670, 8673, 8676, 8677, 8681, 8682, 8686, 8687, 8689, 8693, 8697, 8704, 8768, 8769, 8770,
	8771, 8772, 8773, 8774, 8775, 8776, 8777, 8778, 8779, 8780, 8781, 8782, 8783, 8784, 8848, 8912,
	8976, 9040, 9104, 9168, 9232, 9296, 9360, 9424, 9488, 9489, 9490, 9491, 9492, 9493, 9494, 9495,
	9496, 9497, 9498, 9499, 9500, 9564, 9628, 9692, 9724, 9756, 9788, 9820, 9852, 9884, 9916, 9948,
	9980, 9986, 9992, 9998, 10004, 10010, 10016, 10022, 10028, 10034, 10066, 10067, 10068, 10072, 10076, 10084,
	10092, 10124, 10252, 10380, 10412, 10492, 10572, 10652, 10654, 10655, 10656, 10657, 10737, 10743, 11067, 11068,
	11069, 11101, 11181, 11185, 11186, 11194, 11195, 11198, 11199, 11202, 11203, 11211, 11212, 11213, 11215, 11227,
	11235, 11315, 11316, 11317, 11325, 11341, 11469, 11470, 11550, 11630, 11710, 11722, 11723, 12047, 12371, 12372,
	12373, 12374, 12375, 12376, 12377, 12378, 12379, 12380, 12381, 12382, 12383, 12384, 12385, 12386, 12387, 12388,
	12389, 12390, 12391, 12392, 12393, 12394, 12395, 12396, 12397, 12398, 12399, 12400, 12401, 12402, 12410, 12418,
	12442, 12466, 12490, 12514, 12538, 12562, 12586, 12610, 12634, 12658, 12682, 12714, 12722, 12754, 12762, 12794,
	12802, 12834, 12842, 12874, 12882, 12914, 12922, 12954, 12962, 12966, 12970, 12974, 12998, 13014, 13030, 13046,
	13078, 13079, 13080, 13090, 13091, 13092, 13095, 13175, 13199, 13211, 13212, 13213, 13214, 13215, 13216, 13217,
	13218, 13219, 13220, 13221, 13222, 13223, 13224, 13225, 13226, 13227, 13259, 13291, 13323, 13355, 13387, 13419,
	13451, 13483, 13515, 13547, 13579, 13611, 13643, 13675, 13707, 13739, 13819, 13899, 13979, 14059, 14139, 14219,
	14299, 14379, 14380, 14382, 14414, 14478, 14479, 14480, 14481, 14561, 14641, 14721, 14727, 14733, 14739, 14740,
	14743, 14744, 14745, 14746, 14747, 14748, 14749, 14750, 14751, 14752, 14753, 14754, 14755, 14756, 14757, 14758,
	14759, 14760, 14761, 14762, 14764, 14766, 14768, 14770, 14772, 14774, 14790, 14806, 14822, 14838, 14854, 14870,
	14886, 14902, 14918, 14934, 14950, 14966, 14982, 14998, 15014, 15030, 15034, 15038, 15042, 15046, 15050, 15054,
	15058, 15062, 15066, 15070, 15074, 15078, 15082, 15086, 15090, 15094, 15095, 15096, 15097, 15177, 15183, 15189,
	15195, 15201, 15207, 15213, 15219, 15225, 15231, 15237, 15243, 15249, 15255, 15261, 15267, 15273, 15279, 15285,
	15291, 15297, 15303, 15309, 15315, 15321, 15322, 15328, 15329, 15330, 15331, 15363, 15395, 15427, 15459, 15491,
	15523, 15555, 15587, 15619, 15651, 15683, 15715, 15747, 15779, 15811, 15843, 15875, 15907, 15939, 15971, 16035,
	16099, 16163, 16227, 16291, 16355, 16419, 16483, 16547, 16611, 16617, 16681, 16687, 16688, 16694, 16697, 16777,
	16778, 16780, 16790, 16792, 16796, 16797, 16798, 16810, 16822, 16826, 16827, 16828, 16829, 16832, 16833, 16845,
	16851, 16857, 16863, 16869, 16875, 16881, 16887, 16893, 16899, 16905, 16911, 16917, 16923, 16929, 16935, 16941,
	16947, 16951, 16955, 16959, 16963, 16967, 16971, 16975, 16979, 16983, 16987, 16991, 16995, 16999, 17003, 17007,
	17011, 17012, 17013, 17014, 17015, 17016, 17017, 17018, 17019, 17020, 17021, 17022, 17023, 17024, 17025, 17026,
	17027, 17107, 17187, 17267, 17347, 17427, 17507, 17587, 17667, 17747, 17827, 17907, 17987, 18067, 18147, 18227,
	18307, 18313, 18319, 18325, 18331, 18337, 18343, 18349, 18355, 18361, 18367, 18373, 18379, 18385, 18391, 18397,
	18403, 18404, 18405, 18406, 18407, 18408, 18409, 18410, 18411, 18412, 18413, 18414, 18415, 18416, 18417, 18418,
	18419, 18445, 18446, 18447, 18459, 18462, 18494, 18495, 18496, 18497, 18498, 18499, 18500, 18501, 18502, 18503,
	18504, 18506, 18508, 18510, 18512, 18514, 18516, 18518, 18520, 18522, 18524, 18526, 18528, 18530, 18532, 18534,
	18536, 18538, 18540, 18542, 18544, 18552, 18560, 18568, 18576, 18584, 18592, 18600, 18608, 18616, 18624, 18632,
	18633, 18635, 18636, 18648, 18649, 18650, 18651, 18653, 18733, 18813, 18893, 18973, 19053, 19133, 19213, 19293,
	19373, 19453, 19533, 19613, 19693, 19773, 19779, 19785, 19791, 19797, 19803, 19809, 19815, 19821, 19827, 19833,
	19839, 19845, 19851, 20175, 20499, 20823, 21147, 21471, 21795, 22119, 22443, 22767, 23091, 23415, 23739, 24063,
	24095, 24099, 24111, 24119, 24127, 24128, 24129, 24141, 24157, 24158, 24162, 24194, 24198, 24202, 24206, 24210,
	24214, 24218, 24222, 24226, 24230, 24234, 24266, 24298, 24302, 24305, 24308, 24311, 24314, 24315, 24316, 24317,
	24318, 24319, 24322, 24325, 24328, 24331, 24332, 24333, 24334, 24360, 24361, 24387, 24388, 24389, 24390, 24391,
	24397, 24403, 24405, 24407, 24439, 24471, 24535, 24599, 24631, 24663, 24743, 24823, 24847, 24871, 24935, 24999,
	25031, 25063, 25071, 25079, 25083, 25095, 25099, 25100, 25109, 25125, 25149, 25173, 25174, 25175, 25176, 25177,
	25178, 25183, 25184, 25185, 25186, 25187, 25188, 25189, 25269, 25593, 25599, 25600, 25601, 25602, 25603, 25609,
	25689, 26013, 26014, 26094, 26100, 26102, 26126, 26450, 26451, 26452, 26453, 26469, 26485, 26501, 26517, 26533,
	26549, 26565, 26581, 26597, 26613, 26629, 26645, 26661, 26677, 26693, 26709, 26725, 26727, 26729, 26731, 26733,
	26735, 26737, 26739, 26741, 26743, 26745, 26747, 26749, 26751, 26753, 26755, 26757, 26759, 26760, 26761, 26773,
	26785, 26797, 26809, 26810, 26816, 26896, 27220, 27221, 27227, 27307, 27631, 27632, 27633, 27639, 27719, 28043,
	28044, 28045, 28050, 28056, 28136, 28460, 28461, 28467, 28547, 28871, 28872, 28878, 28958, 29282, 29283, 29284,
	29290, 29370, 29694, 29695, 29701, 29781, 30105, 30106, 30112, 30192, 30516, 30517, 30518, 30519, 30520, 30616,
	31000, 31001, 31129, 31131, 31139, 31140, 31141, 31142, 31143, 31144, 31145, 31146, 31147, 31148, 31149, 31150,
	31151, 31152, 31153, 31154, 31155, 31156, 31157, 31158, 31159, 31160, 31161, 31162, 31163, 31164, 31165, 31245,
	31325, 31405, 31485, 31565, 31645, 31725, 31805, 31811, 31817, 31823, 31829, 31835, 31841, 31847, 31853, 31917,
	31981, 32045, 32109, 32173, 32237, 32301, 32365, 32429, 32493, 32557, 32621, 32685, 32749, 32813, 32877, 32879,
	32881, 32883, 32885, 32887, 32889, 32891, 32893, 32897, 32901, 32905, 32909, 32913, 32917, 32921, 32925, 32949,
	32973, 32997, 33021, 33045, 33069, 33093, 33117, 33149, 33181, 33213, 33245, 33277, 33309, 33341, 33373, 33397,
	33421, 33445, 33469, 33493, 33517, 33541, 33565, 33566, 33586, 33606, 33658, 33660, 33661, 33662, 33663, 33664,
	33680, 33696, 33712, 33713, 33745, 33753, 33769, 33771, 33772, 33773, 33776, 33777, 33857, 33863, 34187, 34188,
	34268, 34274, 34598, 34599, 34679, 34685, 35009, 35010, 35090, 35096, 35420, 35421, 35422, 35423, 35426, 35427,
	35428, 35429, 35430, 35431, 35432, 35435, 35438, 35441, 35442, 35443, 35459, 35507, 35519, 35551, 35553, 35554,
	35716, 35718, 35719, 35720, 35721, 35722,
}

const javaStateCount = 35723
